Marca,Potencia,Tipo de vehículo,Año,Km,Tipo Gasolina,Ubicación,Precio
MERCEDES-BENZ Clase A,250,Compacto,2024,0,Híbrido,Córdoba,45900
MERCEDES-BENZ Clase A,250,Sedán,2024,13563,Híbrido,Madrid,37990
MERCEDES-BENZ Clase A,180,,2020,69026,Gasolina,Alicante,25990
MERCEDES-BENZ Clase A,250,,2023,8056,Híbrido,Madrid,36990
MERCEDES-BENZ Clase A,200,,2023,14223,Diésel,Lugo,36500
MERCEDES-BENZ Clase A,250,,2021,53987,Híbrido,Madrid,31990
MERCEDES-BENZ Clase A,180,,2019,69024,Diésel,Madrid,23990
MERCEDES-BENZ Clase A,200,Compacto,2023,24169,Diésel,Asturias,39900
MERCEDES-BENZ Clase A,200,,2019,53000,Diésel,Valencia,26990
MERCEDES-BENZ Clase A,250,Compacto,2024,16,Híbrido,Córdoba,46900
MERCEDES-BENZ Clase A,180,,2022,14900,Gasolina,Burgos,32900
MERCEDES-BENZ Clase A,200,,2023,13458,Diésel,Salamanca,38900
MERCEDES-BENZ Clase A,180,Compacto,2023,9999,Gasolina,Córdoba,38400
MERCEDES-BENZ Clase A,180,Compacto,2024,11346,Diésel,La Coruña,38600
MERCEDES-BENZ Clase A,180,,2023,7600,Diésel,Burgos,39500
MERCEDES-BENZ Clase A,250,Compacto,2024,11719,Híbrido,La Coruña,46800
MERCEDES-BENZ Clase A,180,Compacto,2022,31434,Diésel,Córdoba,33900
MERCEDES-BENZ Clase A,200,,2022,17000,Diésel,Zamora,39900
MERCEDES-BENZ Clase A,180,Sedán,2023,20274,Diésel,La Coruña,35900
MERCEDES-BENZ Clase A,200,Sedán,2023,5756,Diésel,Córdoba,38900
MERCEDES-BENZ Clase A,250,Compacto,2024,0,Híbrido,Córdoba,46500
MERCEDES-BENZ Clase A,180,,2023,20969,Diésel,La Coruña,33900
MERCEDES-BENZ Clase A,200,,2023,15000,Diésel,Málaga,31990
MERCEDES-BENZ Clase A,180,,2023,28950,Diésel,La Coruña,33900
MERCEDES-BENZ Clase A,250,,2018,41500,Gasolina,Barcelona,27900
MERCEDES-BENZ Clase A,180,Compacto,2023,13900,Diésel,Alicante,33900
MERCEDES-BENZ Clase A,250,Compacto,2024,9999,Híbrido,Córdoba,43900
MERCEDES-BENZ Clase A,218,,2022,57000,Híbrido,Madrid,30495
MERCEDES-BENZ Clase A,200,,2023,8961,Diésel,Barcelona,36900
MERCEDES-BENZ Clase A,180,Compacto,2021,26878,Diésel,Córdoba,29900
MERCEDES-BENZ Clase A,200,Sedán,2023,11781,Diésel,La Coruña,37900
MERCEDES-BENZ Clase A,180,Compacto,2023,17900,Diésel,Alicante,33400
MERCEDES-BENZ Clase A,180,Sedán,2020,86000,Diésel,Ciudad Real,26500
MERCEDES-BENZ Clase A,180,,2019,49500,Diésel,Granada,23900
MERCEDES-BENZ Clase A,200,,2024,10,Gasolina,Granada,48000
MERCEDES-BENZ Clase A,250,,2020,27099,Híbrido,Valladolid,30900
MERCEDES-BENZ Clase A,180,Sedán,2022,34000,Gasolina,Madrid,32490
MERCEDES-BENZ Clase A,180,Sedán,2023,38100,Diésel,Albacete,36490
MERCEDES-BENZ Clase A,250,,2024,20,Híbrido Enchufable,Albacete,44990
MERCEDES-BENZ Clase A,180,,2023,4600,Diésel,Valencia,33750
MERCEDES-BENZ Clase A,220,,2019,56203,Diésel,Madrid,30790
MERCEDES-BENZ Clase A,180,,2019,123200,Diésel,La Rioja,21700
MERCEDES-BENZ Clase A,180,Compacto,2020,51940,Diésel,La Coruña,27900
MERCEDES-BENZ Clase A,250,Compacto,2023,15900,Híbrido,Alicante,38800
MERCEDES-BENZ Clase A,180,Sedán,2023,4720,Diésel,Albacete,42190
MERCEDES-BENZ Clase A,220,,2019,72000,Gasolina,Barcelona,31990
MERCEDES-BENZ Clase A,250,,2023,8920,Híbrido Enchufable,Barcelona,37900
MERCEDES-BENZ Clase A,180,,2019,107000,Diésel,Barcelona,22900
MERCEDES-BENZ Clase A,250,,2024,0,Híbrido,Córdoba,49500
MERCEDES-BENZ Clase A,180,,2019,49500,Diésel,Málaga,23900
MERCEDES-BENZ Clase A,180,,2020,58820,Gasolina,Valencia,25900
MERCEDES-BENZ Clase A,180,,2023,20633,Gasolina,Córdoba,36900
MERCEDES-BENZ Clase A,200,,2020,120031,Diésel,Pontevedra,26900
MERCEDES-BENZ Clase A,250,Compacto,2024,9999,Híbrido,Córdoba,48900
MERCEDES-BENZ Clase A,180,Compacto,2023,23584,Diésel,Alicante,32900
MERCEDES-BENZ Clase A,250,Sedán,2021,63543,Híbrido,Madrid,30990
MERCEDES-BENZ Clase A,250,,2021,22075,Diésel,Navarra,35900
MERCEDES-BENZ Clase A,180,,2023,10791,Diésel,Alicante,33900
MERCEDES-BENZ Clase A,180,,2019,131000,Diésel,Madrid,22900
MERCEDES-BENZ Clase A,220,,2016,205000,Diésel,Valencia,17900
MERCEDES-BENZ Clase A,250,,2022,66878,Híbrido Enchufable,Barcelona,29500
MERCEDES-BENZ Clase A,180,,2019,51100,Diésel,Madrid,25900
MERCEDES-BENZ Clase A,180,,2016,116603,Diésel,Murcia,18999
MERCEDES-BENZ Clase A,250,,2020,60000,Híbrido Enchufable,Cantabria,30990
MERCEDES-BENZ Clase A,200,,2023,20300,Diésel,Toledo,34800
MERCEDES-BENZ Clase A,250,Sedán,2022,27000,Híbrido Enchufable,Madrid,34900
MERCEDES-BENZ Clase A,180,,2019,76850,Diésel,Cádiz,27500
MERCEDES-BENZ Clase A,200,,2019,172291,Diésel,Madrid,26400
MERCEDES-BENZ Clase A,220,,2019,69000,Gasolina,Valencia,35990
MERCEDES-BENZ Clase A,180,,2019,50000,Gasolina,Cádiz,25980
MERCEDES-BENZ Clase A,250,,2022,16500,Diésel,Navarra,35900
MERCEDES-BENZ Clase A,200,,2018,47000,Gasolina,Valencia,29490
MERCEDES-BENZ Clase A,160,,2009,118000,Diésel,Valencia,7800
MERCEDES-BENZ Clase A,180,,2019,75000,Diésel,Tarragona,24410
MERCEDES-BENZ Clase A,180,,2020,73800,Diésel,Burgos,27900
MERCEDES-BENZ Clase A,250,Sedán,2023,17696,Híbrido,Madrid,33990
MERCEDES-BENZ Clase A,180,,2024,3500,Diésel,Alicante,37500
MERCEDES-BENZ Clase A,200,,2021,83424,Diésel,Madrid,26990
MERCEDES-BENZ Clase A,200,,2020,28664,Gasolina,Zaragoza,33900
MERCEDES-BENZ Clase A,180,,2019,73000,Diésel,Sevilla,23500
MERCEDES-BENZ Clase A,180,,2018,119000,Diésel,Madrid,18990
MERCEDES-BENZ Clase A,250,,2021,142000,Híbrido Enchufable,Madrid,22250
MERCEDES-BENZ Clase A,180,,2022,30000,Gasolina,Valencia,29490
MERCEDES-BENZ Clase A,180,,2018,40000,Gasolina,Barcelona,21990
MERCEDES-BENZ Clase A,250,,2020,95000,Híbrido Enchufable,Madrid,24999
MERCEDES-BENZ Clase A,250,,2020,38250,Híbrido Enchufable,Valencia,28990
MERCEDES-BENZ Clase A,160,,2009,130000,Diésel,Madrid,7900
MERCEDES-BENZ Clase A,200,,2023,17000,Diésel,Lugo,38900
MERCEDES-BENZ Clase A,250,,2023,5800,Híbrido,Madrid,37990
MERCEDES-BENZ Clase A,250,,2022,10511,Gasolina,Málaga,36900
MERCEDES-BENZ Clase A,421,,2021,34000,Gasolina,Barcelona,62490
MERCEDES-BENZ Clase A,250,,2023,10323,Diésel,Barcelona,45900
MERCEDES-BENZ Clase A,250,,2020,94000,Híbrido Enchufable,Alicante,24900
MERCEDES-BENZ Clase A,200,,2020,79500,Diésel,Madrid,27990
MERCEDES-BENZ Clase A,180,,2020,68000,Diésel,Madrid,24500
MERCEDES-BENZ Clase A,200,,2013,77250,Diésel,La Rioja,16800
MERCEDES-BENZ Clase A,200,,2019,128846,Diésel,Barcelona,24500
MERCEDES-BENZ Clase A,180,,2019,58499,Diésel,Murcia,24950
MERCEDES-BENZ Clase A,180,,2018,110000,Diésel,Badajoz,23800
MERCEDES-BENZ Clase A,250,Sedán,2023,14791,Híbrido,Madrid,34490
MERCEDES-BENZ Clase A,250,Sedán,2023,14791,Híbrido,Madrid,34490
MERCEDES-BENZ Clase A,200,,2021,43500,Gasolina,Madrid,27000
MERCEDES-BENZ Clase A,200,,2022,51000,Diésel,Navarra,28500
MERCEDES-BENZ Clase A,180,Sedán,2020,81000,Diésel,Barcelona,22900
MERCEDES-BENZ Clase A,200,,2013,207000,Diésel,Barcelona,13499
MERCEDES-BENZ Clase A,180,,2022,115070,Diésel,Lugo,24900
MERCEDES-BENZ Clase A,160,,2000,132000,Gasolina,Toledo,3975
MERCEDES-BENZ Clase A,200,,2020,123875,Diésel,Madrid,24990
MERCEDES-BENZ Clase A,200,,2016,189614,Diésel,Sevilla,14499
MERCEDES-BENZ Clase A,200,,2019,135000,Gasolina,Madrid,28990
MERCEDES-BENZ Clase A,200,,2024,2,Diésel,Burgos,41300
MERCEDES-BENZ Clase A,180,,2023,19829,Diésel,Cádiz,32890
MERCEDES-BENZ Clase A,200,,2019,80630,Diésel,Murcia,25900
MERCEDES-BENZ Clase A,180,,2020,176000,Diésel,Toledo,23650
MERCEDES-BENZ Clase A,200,Sedán,2023,35000,Diésel,Cádiz,31900
MERCEDES-BENZ Clase A,170,,2007,139540,Gasolina,Valencia,6399
MERCEDES-BENZ Clase A,250,,2022,26500,Híbrido Enchufable,Madrid,37400
MERCEDES-BENZ Clase A,180,,2023,15524,Diésel,Cádiz,29900
MERCEDES-BENZ Clase A,200,,2013,317000,Diésel,Málaga,11900
MERCEDES-BENZ Clase A,180,,2015,169000,Diésel,Málaga,11995
MERCEDES-BENZ Clase A,200,,2023,12033,Diésel,Jaén,34990
MERCEDES-BENZ Clase A,200,,2023,28223,Diésel,Valencia,34800
MERCEDES-BENZ Clase A,180,Sedán,2020,114000,Diésel,Girona,19900
MERCEDES-BENZ Clase A,200,Sedán,2024,3,Diésel,Burgos,42400
MERCEDES-BENZ Clase A,250,Compacto,2024,114,Híbrido,Córdoba,46900
MERCEDES-BENZ Clase A,200,,2023,20781,Diésel,Córdoba,36000
MERCEDES-BENZ Clase A,180,Compacto,2023,14809,Diésel,Alicante,33600
MERCEDES-BENZ Clase A,200,,2023,7500,Diésel,Málaga,38900
MERCEDES-BENZ Clase A,250,,2023,10000,Híbrido,Málaga,39900
MERCEDES-BENZ Clase A,180,,2019,63000,Diésel,Málaga,24900
MERCEDES-BENZ Clase A,180,,2021,61000,Diésel,Madrid,25495
MERCEDES-BENZ Clase A,200,,2021,40000,Diésel,Málaga,35950
MERCEDES-BENZ Clase A,250,,2024,5000,Híbrido,Málaga,44900
MERCEDES-BENZ Clase A,180,Sedán,2020,57200,Gasolina,Burgos,23900
MERCEDES-BENZ Clase A,200,Sedán,2023,10000,Gasolina,Málaga,34900
MERCEDES-BENZ Clase A,180,,2019,134158,Diésel,Madrid,19990
MERCEDES-BENZ Clase A,250,,2024,3500,Híbrido,Málaga,44900
MERCEDES-BENZ Clase A,250,,2023,10000,Híbrido,Málaga,39900
MERCEDES-BENZ Clase A,200,,2023,31000,Diésel,Málaga,32900
MERCEDES-BENZ Clase A,180,Compacto,2024,5870,Diésel,La Coruña,35900
MERCEDES-BENZ Clase A,200,,2024,5000,Diésel,Málaga,42900
MERCEDES-BENZ Clase A,250,Sedán,2023,6000,Híbrido,Málaga,45950
MERCEDES-BENZ Clase A,180,,2018,137581,Diésel,Madrid,15890
MERCEDES-BENZ Clase A,250,,2023,7572,Híbrido Enchufable,Barcelona,38800
MERCEDES-BENZ Clase A,250,,2023,6851,Híbrido Enchufable,Barcelona,38800
MERCEDES-BENZ Clase A,180,,2023,8500,Diésel,Málaga,36950
MERCEDES-BENZ Clase A,250,,2022,55008,Híbrido Enchufable,Madrid,32299
MERCEDES-BENZ Clase A,250,,2023,4000,Híbrido,Málaga,38900
MERCEDES-BENZ Clase A,250,Sedán,2023,8500,Híbrido,Málaga,36900
MERCEDES-BENZ Clase A,200,,2023,61463,Diésel,Granada,34900
MERCEDES-BENZ Clase A,200,,2023,20500,Diésel,Málaga,35900
MERCEDES-BENZ Clase A,200,Sedán,2023,5756,Diésel,Madrid,38900
MERCEDES-BENZ Clase A,180,,2020,73150,Diésel,Madrid,23900
MERCEDES-BENZ Clase A,200,Sedán,2023,10500,Diésel,La Coruña,35500
MERCEDES-BENZ Clase A,250,,2023,5000,Híbrido,Málaga,39900
MERCEDES-BENZ Clase A,250,,2023,5000,Híbrido,Málaga,39900
MERCEDES-BENZ Clase A,200,,2015,142000,Diésel,La Coruña,22900
MERCEDES-BENZ Clase A,180,,2023,4000,Diésel,Málaga,36950
MERCEDES-BENZ Clase A,250,Compacto,2024,8,Híbrido,Córdoba,46500
MERCEDES-BENZ Clase A,200,,2021,71256,Diésel,Granada,33900
MERCEDES-BENZ Clase A,180,Sedán,2023,29000,Gasolina,Málaga,34900
MERCEDES-BENZ Clase A,200,,2023,23187,Diésel,La Coruña,35500
MERCEDES-BENZ Clase A,250,Compacto,2022,16500,Híbrido,Asturias,37500
MERCEDES-BENZ Clase A,200,,2023,26791,Diésel,La Coruña,36900
MERCEDES-BENZ Clase A,200,,2019,159000,Diésel,La Coruña,25500
MERCEDES-BENZ Clase A,250,Compacto,2023,9663,Híbrido,Córdoba,44400
MERCEDES-BENZ Clase A,180,,2023,31870,Diésel,La Coruña,33900
MERCEDES-BENZ Clase A,200,,2019,65974,Diésel,Alicante,25450
MERCEDES-BENZ Clase A,250,Compacto,2023,9663,Híbrido,Madrid,44400
MERCEDES-BENZ Clase A,250,,2022,38487,Híbrido,La Coruña,33900
MERCEDES-BENZ Clase A,250,,2020,69857,Gasolina,Madrid,25890
MERCEDES-BENZ Clase A,200,,2023,14500,Diésel,Málaga,41950
MERCEDES-BENZ Clase A,200,Compacto,2024,1,Diésel,Córdoba,40900
MERCEDES-BENZ Clase A,180,Compacto,2024,3200,Diésel,Toledo,37500
MERCEDES-BENZ Clase A,180,,2023,9399,Diésel,Granada,33500
MERCEDES-BENZ Clase A,250,,2023,5000,Híbrido,Málaga,48900
MERCEDES-BENZ Clase A,180,Compacto,2022,31434,Diésel,Madrid,33900
MERCEDES-BENZ Clase A,180,,2024,7549,Diésel,La Coruña,34900
MERCEDES-BENZ Clase A,200,Sedán,2024,400,Gasolina,Barcelona,39900
MERCEDES-BENZ Clase A,180,Compacto,2023,14900,Diésel,Alicante,33900
MERCEDES-BENZ Clase A,250,,2023,7045,Híbrido,Asturias,39900
MERCEDES-BENZ Clase A,200,,2024,5000,Gasolina,Málaga,45900
MERCEDES-BENZ Clase A,180,Sedán,2020,40500,Diésel,Málaga,28900
MERCEDES-BENZ Clase A,180,Sedán,2023,7500,Gasolina,Málaga,37950
MERCEDES-BENZ Clase A,200,Compacto,2023,23021,Diésel,Granada,35900
MERCEDES-BENZ Clase A,180,Compacto,2022,11768,Diésel,Islas Baleares,34000
MERCEDES-BENZ Clase A,250,Compacto,2023,17900,Gasolina,Granada,35900
MERCEDES-BENZ Clase A,180,,2020,180970,Diésel,Madrid,19650
MERCEDES-BENZ Clase A,250,Sedán,2023,5000,Híbrido,Málaga,39900
MERCEDES-BENZ Clase A,200,,2022,39620,Diésel,Badajoz,33900
MERCEDES-BENZ Clase A,250,,2024,5000,Híbrido,Málaga,46900
MERCEDES-BENZ Clase A,200,Compacto,2022,16705,Diésel,Córdoba,34400
MERCEDES-BENZ Clase A,180,Compacto,2023,17131,Diésel,Granada,34500
MERCEDES-BENZ Clase A,200,Sedán,2023,7000,Gasolina,Málaga,38950
MERCEDES-BENZ Clase A,250,Compacto,2024,8,Híbrido,Madrid,46500
MERCEDES-BENZ Clase A,180,,2019,99000,Diésel,Málaga,26900
MERCEDES-BENZ Clase A,200,,2021,45156,Diésel,Granada,34500
MERCEDES-BENZ Clase A,180,,2019,134158,Diésel,Madrid,19990
MERCEDES-BENZ Clase A,180,Compacto,2021,26878,Diésel,Madrid,29900
MERCEDES-BENZ Clase A,180,Sedán,2024,5000,Gasolina,Málaga,39900
MERCEDES-BENZ Clase A,180,Compacto,2022,11067,Diésel,Asturias,31900
MERCEDES-BENZ Clase A,250,,2023,6000,Híbrido,Málaga,39900
MERCEDES-BENZ Clase A,250,,2023,5763,Híbrido Enchufable,Barcelona,38800
MERCEDES-BENZ Clase A,250,,2022,22300,Híbrido Enchufable,Valencia,32890
MERCEDES-BENZ Clase A,180,,2019,108738,Diésel,Madrid,19890
MERCEDES-BENZ Clase A,200,,2023,19822,Diésel,Almería,36500
MERCEDES-BENZ Clase A,220,,2020,91933,Diésel,La Coruña,33790
MERCEDES-BENZ Clase A,250,,2023,16000,Híbrido,Badajoz,43900
MERCEDES-BENZ Clase A,200,,2016,133000,Diésel,Málaga,18900
MERCEDES-BENZ Clase A,180,,2019,99000,Diésel,Málaga,25900
MERCEDES-BENZ Clase A,180,,2020,81889,Gasolina,Málaga,25900
MERCEDES-BENZ Clase A,200,,2023,29500,Diésel,Salamanca,36900
MERCEDES-BENZ Clase A,200,,2023,20300,Diésel,Alicante,34800
MERCEDES-BENZ Clase A,180,,2019,106000,Diésel,Málaga,27900
MERCEDES-BENZ Clase A,250,Compacto,2024,0,Híbrido,Córdoba,49500
MERCEDES-BENZ Clase A,200,Compacto,2024,11,Diésel,Madrid,42400
MERCEDES-BENZ Clase A,180,,2020,54834,Diésel,Badajoz,27900
MERCEDES-BENZ Clase A,200,,2015,90790,Diésel,Almería,17900
MERCEDES-BENZ Clase A,250,,2023,10858,Híbrido Enchufable,Almería,41900
MERCEDES-BENZ Clase A,200,Compacto,2023,14911,Diésel,Granada,35900
MERCEDES-BENZ Clase A,250,Compacto,2024,114,Híbrido,Madrid,46900
MERCEDES-BENZ Clase A,200,,2019,70000,Gasolina,Barcelona,26990
MERCEDES-BENZ Clase A,200,,2023,11525,Diésel,Barcelona,36900
MERCEDES-BENZ Clase A,250,,2023,10027,Híbrido Enchufable,Almería,40900
MERCEDES-BENZ Clase A,250,,2024,17000,Híbrido,Málaga,46900
MERCEDES-BENZ Clase A,180,,2019,99083,Diésel,Madrid,22980
MERCEDES-BENZ Clase A,180,Compacto,2024,10200,Diésel,Alicante,37500
MERCEDES-BENZ Clase A,180,,2022,17800,Diésel,Burgos,34500
MERCEDES-BENZ Clase A,180,,2020,77365,Diésel,Madrid,20590
MERCEDES-BENZ Clase A,180,,2021,50000,Diésel,Málaga,28900
MERCEDES-BENZ Clase A,180,,2019,134158,Diésel,Madrid,19990
MERCEDES-BENZ Clase A,180,Compacto,2023,13900,Diésel,Alicante,33900
MERCEDES-BENZ Clase A,180,,2019,108738,Diésel,Madrid,19890
MERCEDES-BENZ Clase A,180,,2019,103879,Diésel,Madrid,19490
MERCEDES-BENZ Clase A,180,,2020,70000,Gasolina,Málaga,26900
MERCEDES-BENZ Clase A,180,,2023,9660,Gasolina,Granada,32900
MERCEDES-BENZ Clase A,180,Compacto,2023,20623,Diésel,Granada,33500
MERCEDES-BENZ Clase A,180,Compacto,2023,8195,Gasolina,Granada,32900
MERCEDES-BENZ Clase A,200,Compacto,2023,6708,Diésel,Islas Baleares,33500
MERCEDES-BENZ Clase A,250,,2024,1000,Híbrido,Málaga,50000
MERCEDES-BENZ Clase A,180,,2023,10689,Diésel,Girona,34500
MERCEDES-BENZ Clase A,200,,2018,92145,Gasolina,Alicante,25290
MERCEDES-BENZ Clase A,200,,2017,148014,Diésel,Madrid,19900
MERCEDES-BENZ Clase A,250,,2012,79000,Gasolina,Vizcaya,22500
MERCEDES-BENZ Clase A,150,,2019,20265,Diésel,Barcelona,28500
MERCEDES-BENZ Clase A,250,,2023,8000,Híbrido,Málaga,39900
MERCEDES-BENZ Clase A,108,,2014,117000,Diésel,Vizcaya,16990
MERCEDES-BENZ Clase A,250,,2023,7000,Híbrido,Málaga,35900
MERCEDES-BENZ Clase A,200,,2017,113000,Diésel,Burgos,21300
MERCEDES-BENZ Clase A,250,Compacto,2024,5,Gasolina,Granada,42900
MERCEDES-BENZ Clase A,250,,2023,5000,Híbrido,Málaga,39900
MERCEDES-BENZ Clase A,180,,2023,7000,Diésel,Málaga,35900
MERCEDES-BENZ Clase A,180,,2019,82000,Diésel,Barcelona,22990
MERCEDES-BENZ Clase A,200,,2023,16841,Gasolina,Barcelona,36900
MERCEDES-BENZ Clase A,200,,2019,93603,Gasolina,La Coruña,22400
MERCEDES-BENZ Clase A,180,,2023,6000,Diésel,Salamanca,38900
MERCEDES-BENZ Clase A,200,,2023,11091,Diésel,Badajoz,34900
MERCEDES-BENZ Clase A,180,,2018,137581,Diésel,Madrid,15890
MERCEDES-BENZ Clase A,200,,2022,16934,Diésel,Salamanca,34900
MERCEDES-BENZ Clase A,180,Sedán,2020,148269,Diésel,Huesca,24490
MERCEDES-BENZ Clase A,180,,2018,72000,Diésel,Córdoba,27500
MERCEDES-BENZ Clase A,180,,2020,34484,Diésel,Málaga,26400
MERCEDES-BENZ Clase A,180,Compacto,2023,26900,Diésel,Alicante,33500
MERCEDES-BENZ Clase A,180,,2023,9032,Diésel,Badajoz,34900
MERCEDES-BENZ Clase A,200,,2019,96359,Gasolina,Ciudad Real,25990
MERCEDES-BENZ Clase A,200,,2023,30829,Diésel,Badajoz,34900
MERCEDES-BENZ Clase A,200,,2023,11125,Diésel,Girona,35700
MERCEDES-BENZ Clase A,140,,1999,192460,Gasolina,La Coruña,2700
MERCEDES-BENZ Clase A,200,,2020,84900,Diésel,Sevilla,26490
MERCEDES-BENZ Clase A,180,,2019,70887,Gasolina,Valladolid,22900
MERCEDES-BENZ Clase A,180,Compacto,2023,8104,Gasolina,Granada,32900
MERCEDES-BENZ Clase A,200,,2023,20000,Diésel,Madrid,39900
MERCEDES-BENZ Clase A,180,Compacto,2023,10900,Diésel,Alicante,33900
MERCEDES-BENZ Clase A,180,Compacto,2023,14200,Diésel,Alicante,33900
MERCEDES-BENZ Clase A,200,,2022,28360,Gasolina,La Coruña,35500
MERCEDES-BENZ Clase A,200,,2023,12944,Diésel,Madrid,35900
MERCEDES-BENZ Clase A,180,,2024,100,Gasolina,Málaga,41900
MERCEDES-BENZ Clase A,250,,2016,74000,Gasolina,Madrid,28490
MERCEDES-BENZ Clase A,180,,2020,38782,Diésel,Badajoz,28900
MERCEDES-BENZ Clase A,180,,2023,35377,Diésel,La Coruña,33900
MERCEDES-BENZ Clase A,200,,2019,72976,Diésel,Pontevedra,29500
MERCEDES-BENZ Clase A,180,,2021,71033,Diésel,Madrid,28500
MERCEDES-BENZ Clase A,180,,2020,60000,Gasolina,Málaga,29950
MERCEDES-BENZ Clase A,180,,2020,77365,Diésel,Madrid,20590
MERCEDES-BENZ Clase A,200,,2022,13631,Diésel,Almería,34900
MERCEDES-BENZ Clase A,250,,2020,69857,Gasolina,Madrid,25890
MERCEDES-BENZ Clase A,250,,2022,20750,Híbrido,Zaragoza,37900
MERCEDES-BENZ Clase A,180,,2022,6365,Diésel,Islas Baleares,34000
MERCEDES-BENZ Clase A,220,,2019,73371,Gasolina,Islas Baleares,24950
MERCEDES-BENZ Clase A,250,,2021,24000,Híbrido Enchufable,Castellón,30990
MERCEDES-BENZ Clase A,200,Compacto,2023,14316,Diésel,Córdoba,36500
MERCEDES-BENZ Clase A,250,,2023,13017,Híbrido,Badajoz,38900
MERCEDES-BENZ Clase A,180,Compacto,2024,3200,Diésel,Alicante,37500
MERCEDES-BENZ Clase A,180,,2020,82905,Diésel,Madrid,27760
MERCEDES-BENZ Clase A,250,,2023,5000,Híbrido,Málaga,44900
MERCEDES-BENZ Clase A,250,Compacto,2024,11999,Híbrido,Madrid,44800
MERCEDES-BENZ Clase A,180,,2022,39475,Diésel,Badajoz,33900
MERCEDES-BENZ Clase A,180,,2022,22440,Diésel,Granada,32900
MERCEDES-BENZ Clase A,180,,2022,15424,Gasolina,Madrid,32900
MERCEDES-BENZ Clase A,180,,2023,22365,Híbrido,Badajoz,33900
MERCEDES-BENZ Clase A,200,,2023,17545,Diésel,Granada,35900
MERCEDES-BENZ Clase A,200,Sedán,2023,8433,Diésel,Córdoba,43900
MERCEDES-BENZ Clase A,250,,2023,48340,Híbrido Enchufable,Salamanca,46900
MERCEDES-BENZ Clase A,180,,2023,9900,Diésel,Alicante,33900
MERCEDES-BENZ Clase A,250,Compacto,2024,11999,Híbrido,Córdoba,44800
MERCEDES-BENZ Clase A,180,Sedán,2020,66545,Diésel,Cádiz,25790
MERCEDES-BENZ Clase A,180,Compacto,2022,9506,Diésel,Islas Baleares,31000
MERCEDES-BENZ Clase A,180,,2020,119532,Diésel,Granada,25500
MERCEDES-BENZ Clase A,180,,2020,76000,Gasolina,Sevilla,22440
MERCEDES-BENZ Clase A,250,,2022,17290,Híbrido,Madrid,33900
MERCEDES-BENZ Clase A,180,Compacto,2022,7854,Diésel,Granada,32900
MERCEDES-BENZ Clase A,180,,2020,82905,Diésel,Vizcaya,27760
MERCEDES-BENZ Clase A,200,,2023,10167,Diésel,Girona,37800
MERCEDES-BENZ Clase A,200,,2020,78750,Diésel,Valencia,32000
MERCEDES-BENZ Clase A,180,,2019,89000,Gasolina,Córdoba,23990
MERCEDES-BENZ Clase A,200,,2023,32231,Híbrido,Madrid,35400
MERCEDES-BENZ Clase A,250,,2023,18150,Híbrido Enchufable,Barcelona,40990
MERCEDES-BENZ Clase A,180,,2023,8523,Diésel,Murcia,33900
MERCEDES-BENZ Clase A,250,Sedán,2021,31120,Híbrido Enchufable,Vizcaya,36490
MERCEDES-BENZ Clase A,250,,2022,17290,Híbrido,Córdoba,33900
MERCEDES-BENZ Clase A,200,,2020,130000,Diésel,La Coruña,27900
MERCEDES-BENZ Clase A,180,,2023,5256,Diésel,Girona,34500
MERCEDES-BENZ Clase A,200,,2024,6316,Diésel,Badajoz,35900
MERCEDES-BENZ Clase A,250,,2022,13000,Híbrido Enchufable,Barcelona,46990
MERCEDES-BENZ Clase A,200,,2022,27934,Diésel,Zaragoza,35900
MERCEDES-BENZ Clase A,250,,2019,96448,Gasolina,Barcelona,28890
MERCEDES-BENZ Clase A,180,Sedán,2023,8500,Gasolina,Málaga,33900
MERCEDES-BENZ Clase A,200,,2024,5000,Diésel,Málaga,45900
MERCEDES-BENZ Clase A,200,,2020,120000,Diésel,Sevilla,24950
MERCEDES-BENZ Clase A,180,,2014,199500,Diésel,La Coruña,13500
MERCEDES-BENZ Clase A,180,,2015,142717,Diésel,Valencia,16990
MERCEDES-BENZ Clase A,180,,2013,124234,Gasolina,Madrid,14490
MERCEDES-BENZ Clase A,180,,2023,7000,Diésel,Barcelona,33950
MERCEDES-BENZ Clase A,180,,2019,68367,Diésel,La Coruña,26500
MERCEDES-BENZ Clase A,180,Compacto,2024,3700,Diésel,Alicante,37800
MERCEDES-BENZ Clase A,200,Compacto,2023,22249,Diésel,Murcia,34900
MERCEDES-BENZ Clase A,180,,2023,9200,Híbrido,Tarragona,40400
MERCEDES-BENZ Clase A,200,,2018,68924,Gasolina,Madrid,28500
MERCEDES-BENZ Clase A,180,Compacto,2024,3700,Diésel,Toledo,37800
MERCEDES-BENZ Clase A,250,Compacto,2024,0,Híbrido,Córdoba,45900
MERCEDES-BENZ Clase A,200,Compacto,2024,11,Diésel,Córdoba,42400
MERCEDES-BENZ Clase A,180,Compacto,2023,11178,Diésel,Murcia,32900
MERCEDES-BENZ Clase A,180,,2019,58480,Gasolina,Valladolid,27900
MERCEDES-BENZ Clase A,180,Compacto,2023,17409,Diésel,Granada,34500
MERCEDES-BENZ Clase A,200,,2023,15900,Diésel,Valencia,33890
MERCEDES-BENZ Clase A,180,Compacto,2023,14137,Gasolina,Murcia,34500
MERCEDES-BENZ Clase A,200,,2022,27959,Gasolina,Barcelona,32500
MERCEDES-BENZ Clase A,180,Compacto,2022,11870,Diésel,Murcia,32500
MERCEDES-BENZ Clase A,200,,2024,5,Diésel,Murcia,43500
MERCEDES-BENZ Clase A,200,Compacto,2023,12037,Diésel,Murcia,34900
MERCEDES-BENZ Clase A,180,,2015,132442,Diésel,Vizcaya,17700
MERCEDES-BENZ Clase A,150,,2023,11850,Diésel,Barcelona,34900
MERCEDES-BENZ Clase A,180,,2023,9900,Diésel,Toledo,33900
MERCEDES-BENZ Clase A,250,,2023,9000,Gasolina,Cáceres,38900
MERCEDES-BENZ Clase A,200,,2016,100500,Diésel,Málaga,21950
MERCEDES-BENZ Clase A,180,,2015,142717,Diésel,Vizcaya,16990
MERCEDES-BENZ Clase A,200,Sedán,2023,31525,Gasolina,Madrid,35400
MERCEDES-BENZ Clase A,200,,2023,10500,Diésel,Zaragoza,36900
MERCEDES-BENZ Clase A,180,,2020,82378,Diésel,Castellón,24900
MERCEDES-BENZ Clase A,180,,2023,7000,Diésel,Valencia,32900
MERCEDES-BENZ Clase A,250,,2022,62515,Híbrido,Girona,36700
MERCEDES-BENZ Clase A,200,,2024,10,Gasolina,Granada,47900
MERCEDES-BENZ Clase A,200,,2020,49149,Diésel,Pontevedra,27990
MERCEDES-BENZ Clase A,180,,2020,75000,Diésel,Barcelona,28990
MERCEDES-BENZ Clase A,200,,2023,14458,Diésel,Granada,36900
MERCEDES-BENZ Clase A,200,Compacto,2024,22700,Diésel,Alicante,37900
MERCEDES-BENZ Clase A,180,,2019,103879,Diésel,Madrid,19490
MERCEDES-BENZ Clase A,180,Sedán,2023,19600,Gasolina,Jaén,32900
MERCEDES-BENZ Clase A,200,,2023,30588,Diésel,La Rioja,32900
MERCEDES-BENZ Clase A,180,,2020,89000,Diésel,Albacete,24990
MERCEDES-BENZ Clase A,250,,2022,19500,Híbrido Enchufable,Barcelona,34490
MERCEDES-BENZ Clase A,200,Compacto,2024,12552,Diésel,Córdoba,35100
MERCEDES-BENZ Clase A,200,,2023,12703,Diésel,Salamanca,41900
MERCEDES-BENZ Clase A,200,Compacto,2023,28834,Gasolina,Granada,35500
MERCEDES-BENZ Clase A,180,Compacto,2023,10807,Diésel,Murcia,33900
MERCEDES-BENZ Clase A,250,,2024,100,Híbrido,Málaga,56900
MERCEDES-BENZ Clase A,180,,2019,57000,Gasolina,Barcelona,28790
MERCEDES-BENZ Clase A,180,,2023,11850,Diésel,La Rioja,33900
MERCEDES-BENZ Clase A,180,,2019,105000,Diésel,Málaga,27900
MERCEDES-BENZ Clase A,180,,2018,155000,Diésel,Barcelona,20900
MERCEDES-BENZ Clase A,200,,2020,43560,Diésel,Badajoz,27790
MERCEDES-BENZ Clase A,100,,2016,93500,Diésel,Madrid,20490
MERCEDES-BENZ Clase A,250,,2021,18739,Híbrido Enchufable,Barcelona,34990
MERCEDES-BENZ Clase A,220,,2019,62048,Gasolina,Granada,32900
MERCEDES-BENZ Clase A,250,Compacto,2023,7709,Híbrido,Toledo,38800
MERCEDES-BENZ Clase A,200,Compacto,2023,19381,Diésel,Murcia,34900
MERCEDES-BENZ Clase A,200,Compacto,2023,22785,Gasolina,Granada,35900
MERCEDES-BENZ Clase A,200,Compacto,2023,23426,Diésel,Murcia,34900
MERCEDES-BENZ Clase A,180,,2023,6866,Diésel,Girona,34500
MERCEDES-BENZ Clase A,180,,2013,89048,Diésel,Guipúzcoa,15800
MERCEDES-BENZ Clase A,180,,2015,121433,Diésel,Badajoz,17995
MERCEDES-BENZ Clase A,180,,2023,14900,Diésel,Alicante,33800
MERCEDES-BENZ Clase A,200,,2023,10497,Diésel,Málaga,33900
MERCEDES-BENZ Clase A,180,,2014,198000,Diésel,Barcelona,16500
MERCEDES-BENZ Clase A,180,,2024,5000,Gasolina,Málaga,42900
MERCEDES-BENZ Clase A,250,,2022,20337,Híbrido,Badajoz,35900
MERCEDES-BENZ Clase A,180,,2023,25946,Diésel,Murcia,33900
MERCEDES-BENZ Clase A,180,,2022,18487,Diésel,Madrid,34500
MERCEDES-BENZ Clase A,200,Sedán,2023,16694,Diésel,Zaragoza,37900
MERCEDES-BENZ Clase A,180,,2018,117000,Diésel,Madrid,22990
MERCEDES-BENZ Clase A,180,,2023,14275,Diésel,Murcia,32900
MERCEDES-BENZ Clase A,180,,2014,124006,Diésel,Vizcaya,14990
MERCEDES-BENZ Clase A,250,Sedán,2021,31120,Híbrido Enchufable,Castellón,36490
MERCEDES-BENZ Clase A,250,Compacto,2023,7709,Híbrido,Alicante,38800
MERCEDES-BENZ Clase A,200,,2023,28002,Diésel,Badajoz,35900
MERCEDES-BENZ Clase A,180,,2023,6967,Diésel,Badajoz,32900
MERCEDES-BENZ Clase A,180,Sedán,2023,17500,Diésel,Sevilla,36490
MERCEDES-BENZ Clase A,180,Sedán,2020,45170,Diésel,Cádiz,24390
MERCEDES-BENZ Clase A,200,Compacto,2024,12552,Diésel,Madrid,35100
MERCEDES-BENZ Clase A,200,,2016,133000,Diésel,Granada,18900
MERCEDES-BENZ Clase A,200,,2023,9164,Diésel,Girona,34500
MERCEDES-BENZ Clase A,250,,2023,7667,Híbrido Enchufable,Barcelona,38800
MERCEDES-BENZ Clase A,200,,2023,18274,Diésel,Barcelona,34900
MERCEDES-BENZ Clase A,200,,2013,96959,Gasolina,Ciudad Real,17450
MERCEDES-BENZ Clase A,250,,2023,7828,Híbrido Enchufable,Barcelona,38800
MERCEDES-BENZ Clase A,200,,2017,121623,Diésel,Madrid,21990
MERCEDES-BENZ Clase A,250,,2024,100,Híbrido,Málaga,44900
MERCEDES-BENZ Clase A,200,,2019,18000,Gasolina,Alicante,44990
MERCEDES-BENZ Clase A,180,Compacto,2023,15769,Diésel,Murcia,33900
MERCEDES-BENZ Clase A,220,,2016,155681,Diésel,Madrid,20950
MERCEDES-BENZ Clase A,200,,2023,18000,Diésel,Madrid,39900
MERCEDES-BENZ Clase A,250,,2021,17632,Híbrido Enchufable,Barcelona,32000
MERCEDES-BENZ Clase A,250,,2024,5000,Híbrido,Málaga,44900
MERCEDES-BENZ Clase A,180,Sedán,2023,13178,Gasolina,Almería,35900
MERCEDES-BENZ Clase A,250,,2023,8481,Híbrido,Zaragoza,37900
MERCEDES-BENZ Clase A,180,,2015,172000,Diésel,Girona,13750
MERCEDES-BENZ Clase A,180,Compacto,2022,15242,Diésel,Murcia,31900
MERCEDES-BENZ Clase A,180,,2023,27295,Diésel,Almería,34900
MERCEDES-BENZ Clase A,180,Compacto,2023,13900,Diésel,Toledo,33900
MERCEDES-BENZ Clase A,200,,2017,92804,Diésel,Vizcaya,22500
MERCEDES-BENZ Clase A,200,,2019,65000,Gasolina,La Coruña,29500
MERCEDES-BENZ Clase A,180,,2023,8208,Diésel,Girona,34500
MERCEDES-BENZ Clase A,180,,2019,93000,Diésel,Castellón,24490
MERCEDES-BENZ Clase A,200,,2024,12674,Diésel,Badajoz,35900
MERCEDES-BENZ Clase A,250,,2023,9702,Híbrido,Badajoz,38900
MERCEDES-BENZ Clase A,200,Compacto,2023,22420,Diésel,Murcia,34900
MERCEDES-BENZ Clase A,200,,2023,29131,Diésel,Murcia,36500
MERCEDES-BENZ Clase A,200,,2022,11900,Diésel,Cádiz,35500
MERCEDES-BENZ Clase A,200,,2017,108000,Diésel,La Coruña,21500
MERCEDES-BENZ Clase A,180,Compacto,2024,10200,Diésel,Toledo,37500
MERCEDES-BENZ Clase A,200,,2019,74000,Diésel,Granada,22500
MERCEDES-BENZ Clase A,200,,2019,75388,Diésel,Pontevedra,25800
MERCEDES-BENZ Clase A,180,,2018,119900,Diésel,Málaga,21900
MERCEDES-BENZ Clase A,180,,2019,78497,Gasolina,Madrid,23450
MERCEDES-BENZ Clase A,180,,2019,85000,Diésel,Madrid,25990
MERCEDES-BENZ Clase A,200,,2019,87000,Diésel,Madrid,31400
MERCEDES-BENZ Clase A,200,,2023,4791,Diésel,Badajoz,35900
MERCEDES-BENZ Clase A,180,Compacto,2023,14200,Diésel,Toledo,33900
MERCEDES-BENZ Clase A,200,,2023,8999,Diésel,Girona,37900
MERCEDES-BENZ Clase A,200,,2023,23990,Diésel,Badajoz,35900
MERCEDES-BENZ Clase A,180,Compacto,2023,14900,Diésel,Toledo,33900
MERCEDES-BENZ Clase A,200,,2019,67343,Diésel,Vizcaya,25790
MERCEDES-BENZ Clase A,200,,2021,80000,Gasolina,La Coruña,31900
MERCEDES-BENZ Clase A,250,,2023,6115,Híbrido Enchufable,Barcelona,37900
MERCEDES-BENZ Clase A,200,,2024,4597,Diésel,Girona,37500
MERCEDES-BENZ Clase A,200,,2019,90700,Diésel,Granada,27500
MERCEDES-BENZ Clase A,200,,2004,100350,Gasolina,Girona,5866
MERCEDES-BENZ Clase A,200,,2020,69000,Diésel,Málaga,26900
MERCEDES-BENZ Clase A,200,,2016,41774,Diésel,Granada,25500
MERCEDES-BENZ Clase A,180,,2023,14900,Diésel,Toledo,33800
MERCEDES-BENZ Clase A,180,,2020,87000,Diésel,Cádiz,27990
MERCEDES-BENZ Clase A,250,,2021,71000,Gasolina,Murcia,30900
MERCEDES-BENZ Clase A,421,,2023,8118,Gasolina,Islas Baleares,62900
MERCEDES-BENZ Clase A,200,,2023,40500,Diésel,La Coruña,35500
MERCEDES-BENZ Clase A,200,,2021,72225,Diésel,Madrid,31750
MERCEDES-BENZ Clase A,180,Sedán,2019,109115,Diésel,Valladolid,21900
MERCEDES-BENZ Clase A,180,,2023,9121,Diésel,Alicante,33900
MERCEDES-BENZ Clase A,200,,2015,53545,Diésel,Vizcaya,20990
MERCEDES-BENZ Clase A,200,,2023,16868,Diésel,Madrid,36400
MERCEDES-BENZ Clase A,180,Compacto,2024,1,Diésel,Murcia,39500
MERCEDES-BENZ Clase A,160,,2008,250000,Diésel,Valencia,4990
MERCEDES-BENZ Clase A,180,Compacto,2023,26900,Diésel,Toledo,33500
MERCEDES-BENZ Clase A,200,,2024,7,Diésel,La Rioja,39900
MERCEDES-BENZ Clase A,200,,2023,16084,Diésel,Murcia,34900
MERCEDES-BENZ Clase A,180,,2020,37400,Gasolina,La Coruña,31900
MERCEDES-BENZ Clase A,180,Compacto,2023,6632,Diésel,Córdoba,31900
MERCEDES-BENZ Clase A,150,,2020,40412,Diésel,Islas Baleares,29500
MERCEDES-BENZ Clase A,200,Compacto,2022,20209,Diésel,Murcia,32900
MERCEDES-BENZ Clase A,200,,2023,8204,Diésel,Zaragoza,36900
MERCEDES-BENZ Clase A,250,,2023,7500,Híbrido Enchufable,Barcelona,38800
MERCEDES-BENZ Clase A,180,Compacto,2023,10900,Diésel,Toledo,33900
MERCEDES-BENZ Clase A,250,,2022,20750,Híbrido Enchufable,Zaragoza,38900
MERCEDES-BENZ Clase A,180,Compacto,2022,20679,Diésel,Murcia,33900
MERCEDES-BENZ Clase A,180,,2020,70990,Diésel,Castellón,26490
MERCEDES-BENZ Clase A,250,,2022,17851,Híbrido,La Rioja,34900
MERCEDES-BENZ Clase A,180,,2019,175000,Diésel,Barcelona,21900
MERCEDES-BENZ Clase A,200,Sedán,2023,19500,Híbrido,Zaragoza,37900
MERCEDES-BENZ Clase A,180,,2021,27683,Diésel,Cádiz,29490
MERCEDES-BENZ Clase A,180,,2014,70024,Diésel,Vizcaya,16300
MERCEDES-BENZ Clase A,180,Compacto,2023,19959,Diésel,Murcia,33900
MERCEDES-BENZ Clase A,180,Compacto,2023,13900,Diésel,Toledo,33900
MERCEDES-BENZ Clase A,200,,2020,76687,Gasolina,Barcelona,26900
MERCEDES-BENZ Clase A,250,,2020,165000,Gasolina,Madrid,30990
MERCEDES-BENZ Clase A,250,Sedán,2020,33373,Híbrido,La Coruña,30500
MERCEDES-BENZ Clase A,250,,2022,29783,Híbrido Enchufable,Málaga,32880
MERCEDES-BENZ Clase A,200,,2023,74940,Diésel,Madrid,34500
MERCEDES-BENZ Clase A,200,,2018,153200,Diésel,Madrid,21500
MERCEDES-BENZ Clase A,200,Compacto,2024,6,Diésel,Murcia,39000
MERCEDES-BENZ Clase A,180,,2023,30029,Híbrido,Granada,32990
MERCEDES-BENZ Clase A,180,,2023,5700,Diésel,Madrid,39500
MERCEDES-BENZ Clase A,180,,2019,91000,Diésel,Islas Baleares,24900
MERCEDES-BENZ Clase A,180,,2023,15176,Diésel,Granada,32990
MERCEDES-BENZ Clase A,200,,2023,13281,Diésel,La Rioja,34900
MERCEDES-BENZ Clase A,180,Compacto,2021,38828,Diésel,Murcia,31900
MERCEDES-BENZ Clase A,180,,2023,11753,Diésel,La Rioja,31900
MERCEDES-BENZ Clase A,200,,2016,224350,Diésel,Alicante,15000
MERCEDES-BENZ Clase A,200,,2020,69612,Diésel,Lugo,29900
MERCEDES-BENZ Clase A,180,,2021,80639,Diésel,Madrid,28500
MERCEDES-BENZ Clase A,200,,2019,63200,Gasolina,Sevilla,28490
MERCEDES-BENZ Clase A,250,,2022,51990,Híbrido Enchufable,Madrid,33400
MERCEDES-BENZ Clase A,250,,2020,72000,Híbrido,Madrid,26990
MERCEDES-BENZ Clase A,200,,2023,10965,Diésel,Murcia,36900
MERCEDES-BENZ Clase A,200,,2019,49000,Gasolina,Barcelona,28790
MERCEDES-BENZ Clase A,200,,2018,61049,Diésel,Jaén,20990
MERCEDES-BENZ Clase A,200,,2016,114701,Diésel,Vizcaya,20950
MERCEDES-BENZ Clase A,180,,2013,131000,Diésel,Madrid,14390
MERCEDES-BENZ Clase A,250,Sedán,2024,26592,Híbrido,Madrid,35990
MERCEDES-BENZ Clase A,200,,2022,34540,Gasolina,Barcelona,33999
MERCEDES-BENZ Clase A,200,,2023,20171,Diésel,Granada,32990
MERCEDES-BENZ Clase A,180,,2021,91500,Diésel,Zaragoza,28900
MERCEDES-BENZ Clase A,200,Compacto,2023,21930,Diésel,Murcia,34900
MERCEDES-BENZ Clase A,250,Compacto,2023,15900,Híbrido,Toledo,38800
MERCEDES-BENZ Clase A,200,Compacto,2024,5,Diésel,Murcia,41300
MERCEDES-BENZ Clase A,200,,2019,29542,Diésel,Madrid,29350
MERCEDES-BENZ Clase A,180,,2019,55000,Diésel,Valencia,25990
MERCEDES-BENZ Clase A,180,,2020,80000,Diésel,Sevilla,27990
MERCEDES-BENZ Clase A,180,Compacto,2021,48780,Diésel,Murcia,29900
MERCEDES-BENZ Clase A,250,,2023,14968,Híbrido Enchufable,Barcelona,38800
MERCEDES-BENZ Clase A,200,,2015,110800,Diésel,Madrid,19990
MERCEDES-BENZ Clase A,200,,2018,70885,Gasolina,Barcelona,25900
MERCEDES-BENZ Clase A,180,,2019,94059,Diésel,Sevilla,25490
MERCEDES-BENZ Clase A,180,,2022,36500,Gasolina,Málaga,27250
MERCEDES-BENZ Clase A,180,,2019,84501,Diésel,Málaga,21990
MERCEDES-BENZ Clase A,250,,2020,29700,Híbrido,Zaragoza,32900
MERCEDES-BENZ Clase A,180,,2020,98185,Diésel,Cádiz,25900
MERCEDES-BENZ Clase A,250,,2022,46050,Diésel,Navarra,31900
MERCEDES-BENZ Clase A,200,Compacto,2023,21659,Diésel,Murcia,36500
MERCEDES-BENZ Clase A,180,,2011,148315,Diésel,Málaga,8800
MERCEDES-BENZ Clase A,180,,2011,148315,Diésel,Málaga,8800
MERCEDES-BENZ Clase A,180,,2020,58003,Diésel,Málaga,25499
MERCEDES-BENZ Clase A,200,,2023,23139,Diésel,Badajoz,34900
MERCEDES-BENZ Clase A,200,,2018,125136,Diésel,Vizcaya,21900
MERCEDES-BENZ Clase A,180,Compacto,2023,17900,Diésel,Toledo,33400
MERCEDES-BENZ Clase A,200,,2015,118000,Diésel,Alicante,19950
MERCEDES-BENZ Clase A,200,,2021,22210,Diésel,Vizcaya,32990
MERCEDES-BENZ Clase A,180,,2020,62361,Diésel,Vizcaya,25390
MERCEDES-BENZ Clase A,180,,2023,10791,Diésel,Toledo,33900
MERCEDES-BENZ Clase A,180,,2021,45591,Diésel,Asturias,31900
MERCEDES-BENZ Clase A,200,,2015,82200,Gasolina,Asturias,23900
MERCEDES-BENZ Clase A,200,Compacto,2024,22700,Diésel,Toledo,37900
MERCEDES-BENZ Clase A,180,,2019,109990,Diésel,Navarra,20990
MERCEDES-BENZ Clase A,180,,2018,177617,Diésel,Castellón,22500
MERCEDES-BENZ Clase A,180,,2014,121936,Diésel,Vizcaya,15200
MERCEDES-BENZ Clase A,200,,2023,11601,Diésel,Madrid,35900
MERCEDES-BENZ Clase A,200,,2023,27748,Diésel,Jaén,34480
MERCEDES-BENZ Clase A,200,,2020,83000,Diésel,Málaga,26900
MERCEDES-BENZ Clase A,180,,2021,46000,Diésel,Cádiz,32990
MERCEDES-BENZ Clase A,180,Compacto,2021,35202,Diésel,Madrid,31900
MERCEDES-BENZ Clase A,250,,2022,21650,Híbrido,Zaragoza,37900
MERCEDES-BENZ Clase A,200,,2023,13264,Diésel,Sevilla,32990
MERCEDES-BENZ Clase A,180,,2021,72774,Diésel,Valencia,26495
MERCEDES-BENZ Clase A,116,,2019,290000,Diésel,Alicante,17499
MERCEDES-BENZ Clase A,180,,2015,126500,Diésel,Madrid,18190
MERCEDES-BENZ Clase A,200,Compacto,2023,17541,Diésel,Murcia,36500
MERCEDES-BENZ Clase A,180,,2019,118954,Diésel,Girona,23700
MERCEDES-BENZ Clase A,250,,2023,3000,Híbrido,Sevilla,35990
MERCEDES-BENZ Clase A,136,,2023,5726,Híbrido,Islas Baleares,34900
MERCEDES-BENZ Clase A,180,,2020,102000,Diésel,Jaén,23799
MERCEDES-BENZ Clase A,200,,2022,65924,Diésel,Zaragoza,31990
MERCEDES-BENZ Clase A,200,,2018,108051,Diésel,Vizcaya,22490
MERCEDES-BENZ Clase A,200,,2015,137837,Diésel,Vizcaya,17200
MERCEDES-BENZ Clase A,200,,2019,86000,Diésel,Lugo,29900
MERCEDES-BENZ Clase A,180,Compacto,2023,15464,Diésel,Murcia,32900
MERCEDES-BENZ Clase A,200,,2016,125000,Diésel,Islas Baleares,14950
MERCEDES-BENZ Clase A,200,,2016,66000,Diésel,Asturias,23500
MERCEDES-BENZ Clase A,180,,2018,109141,Diésel,Barcelona,23900
MERCEDES-BENZ Clase A,116,,2019,74000,Diésel,Valencia,26900
MERCEDES-BENZ Clase A,180,Sedán,2023,20680,Híbrido,Sevilla,32490
MERCEDES-BENZ Clase A,180,,2020,52687,Diésel,Sevilla,23990
MERCEDES-BENZ Clase A,200,,2018,149000,Diésel,Barcelona,21950
MERCEDES-BENZ Clase A,200,,2015,165000,Diésel,Málaga,17999
MERCEDES-BENZ Clase A,180,,2021,50000,Diésel,Barcelona,27500
MERCEDES-BENZ Clase A,180,,2022,15254,Diésel,Valencia,30995
MERCEDES-BENZ Clase A,250,,2023,14500,Híbrido,La Rioja,36900
MERCEDES-BENZ Clase A,250,Sedán,2020,36482,Híbrido,Cádiz,32900
MERCEDES-BENZ Clase A,180,,2013,131000,Diésel,Madrid,14390
MERCEDES-BENZ Clase A,180,,2022,19990,Gasolina,Zaragoza,29490
MERCEDES-BENZ Clase A,200,,2020,98024,Gasolina,Madrid,27490
MERCEDES-BENZ Clase A,250,,2019,25000,Gasolina,Valencia,34990
MERCEDES-BENZ Clase A,200,,2023,900,Diésel,Sevilla,35990
MERCEDES-BENZ Clase A,200,Sedán,2020,39963,Diésel,Lugo,34500
MERCEDES-BENZ Clase A,200,,2015,180000,Diésel,Barcelona,16850
MERCEDES-BENZ Clase A,200,,2023,19000,Diésel,Lugo,38900
MERCEDES-BENZ Clase A,180,,2017,124014,Diésel,Málaga,18390
MERCEDES-BENZ Clase A,200,,2024,5320,Diésel,Badajoz,35900
MERCEDES-BENZ Clase A,180,,2023,12773,Gasolina,La Rioja,33900
MERCEDES-BENZ Clase A,180,Compacto,2023,14809,Diésel,Toledo,33600
MERCEDES-BENZ Clase A,180,Sedán,2019,82000,Gasolina,La Coruña,25700
MERCEDES-BENZ Clase A,200,,2018,48287,Diésel,Madrid,22099
MERCEDES-BENZ Clase A,250,,2023,3000,Híbrido,Badajoz,43900
MERCEDES-BENZ Clase A,200,,2020,92663,Diésel,Granada,29990
MERCEDES-BENZ Clase A,200,,2024,5269,Diésel,Barcelona,37900
MERCEDES-BENZ Clase A,200,,2020,85000,Gasolina,Madrid,27999
MERCEDES-BENZ Clase A,180,,2023,18800,Gasolina,Navarra,34900
MERCEDES-BENZ Clase A,163,,2023,3719,Híbrido,Islas Baleares,39900
MERCEDES-BENZ Clase A,180,,2019,89041,Diésel,Jaén,21990
MERCEDES-BENZ Clase A,200,,2020,75000,Diésel,Valencia,31900
MERCEDES-BENZ Clase A,180,,2015,108000,Diésel,Málaga,17900
MERCEDES-BENZ Clase A,200,,2017,150584,Diésel,Barcelona,17099
MERCEDES-BENZ Clase A,200,,2024,9000,Diésel,Barcelona,36400
MERCEDES-BENZ Clase A,200,Sedán,2022,24592,Diésel,Ciudad Real,32990
MERCEDES-BENZ Clase A,250,,2023,9000,Híbrido,Sevilla,39990
MERCEDES-BENZ Clase A,250,,2020,118150,Híbrido Enchufable,Madrid,25200
MERCEDES-BENZ Clase A,180,,2019,37386,Diésel,Madrid,24500
MERCEDES-BENZ Clase A,180,,2017,73643,Gasolina,Madrid,20099
MERCEDES-BENZ Clase A,180,,2019,93837,Diésel,Madrid,22999
MERCEDES-BENZ Clase A,200,Sedán,2023,17810,Diésel,Zaragoza,37900
MERCEDES-BENZ Clase A,200,,2024,800,Diésel,Sevilla,39900
MERCEDES-BENZ Clase A,160,,2008,111000,Diésel,Madrid,6990
MERCEDES-BENZ Clase A,200,,2018,84670,Diésel,Sevilla,19990
MERCEDES-BENZ Clase A,116,,2020,31545,Diésel,Islas Baleares,29500
MERCEDES-BENZ Clase A,180,,2015,130511,Diésel,Vizcaya,14890
MERCEDES-BENZ Clase A,200,,2020,40000,Diésel,Asturias,31500
MERCEDES-BENZ Clase A,200,,2020,40000,Diésel,Asturias,31500
MERCEDES-BENZ Clase A,180,,2022,22951,Diésel,Cádiz,31900
MERCEDES-BENZ Clase A,200,,2020,51302,Gasolina,Barcelona,27399
MERCEDES-BENZ Clase A,180,Sedán,2023,16547,Híbrido,Sevilla,32490
MERCEDES-BENZ Clase A,220,,2013,147509,Diésel,Albacete,20990
MERCEDES-BENZ Clase A,180,,2023,22675,Diésel,Jaén,32990
MERCEDES-BENZ Clase A,200,,2023,17600,Diésel,Pontevedra,35500
MERCEDES-BENZ Clase A,200,,2020,64636,Diésel,Barcelona,28599
MERCEDES-BENZ Clase A,180,,2022,44256,Gasolina,Barcelona,29599
MERCEDES-BENZ Clase A,200,,2022,42286,Diésel,Cádiz,31900
MERCEDES-BENZ Clase A,150,,2021,59000,Diésel,Sevilla,30750
MERCEDES-BENZ Clase A,200,,2023,13602,Diésel,Jaén,34490
MERCEDES-BENZ Clase A,200,,2017,76912,Diésel,Valencia,20300
MERCEDES-BENZ Clase A,250,Sedán,2023,12712,Híbrido,Madrid,33990
MERCEDES-BENZ Clase A,200,,2013,214000,Diésel,Valencia,16400
MERCEDES-BENZ Clase A,180,,2019,46250,Diésel,Córdoba,25490
MERCEDES-BENZ Clase A,250,,2023,5737,Híbrido,Cádiz,36900
MERCEDES-BENZ Clase A,180,,2022,12230,Diésel,Barcelona,31495
MERCEDES-BENZ Clase A,180,,2023,10604,Diésel,Barcelona,33995
MERCEDES-BENZ Clase A,160,,2011,140890,Gasolina,Cantabria,8400
MERCEDES-BENZ Clase A,180,,2023,10716,Diésel,Cádiz,31900
MERCEDES-BENZ Clase A,200,,2023,900,Diésel,Madrid,35990
MERCEDES-BENZ Clase A,200,,2018,46000,Gasolina,Barcelona,27990
MERCEDES-BENZ Clase A,116,,2022,19345,Diésel,Islas Baleares,36500
MERCEDES-BENZ Clase A,180,,2022,90864,Diésel,Sevilla,31900
MERCEDES-BENZ Clase A,180,,2006,238000,Diésel,Madrid,4990
MERCEDES-BENZ Clase A,200,,2020,176000,Diésel,Barcelona,23499
MERCEDES-BENZ Clase A,180,,2019,54998,Diésel,Sevilla,23490
MERCEDES-BENZ Clase A,180,,2023,28334,Híbrido,Jaén,33990
MERCEDES-BENZ Clase A,180,,2020,129000,Diésel,Toledo,24950
MERCEDES-BENZ Clase A,180,,2019,99000,Diésel,Cádiz,23900
MERCEDES-BENZ Clase A,250,,2023,25000,Híbrido,Cádiz,42900
MERCEDES-BENZ Clase A,200,,2023,9604,Diésel,Madrid,33450
MERCEDES-BENZ Clase A,180,,2019,65166,Diésel,Vizcaya,23490
MERCEDES-BENZ Clase A,250,,2020,78000,Híbrido Enchufable,Valencia,28900
MERCEDES-BENZ Clase A,200,,2023,9897,Diésel,Barcelona,36695
MERCEDES-BENZ Clase A,200,,2016,188000,Diésel,Lugo,15000
MERCEDES-BENZ Clase A,180,Sedán,2023,19656,Híbrido,Granada,34990
MERCEDES-BENZ Clase A,250,Sedán,2021,48000,Híbrido,Sevilla,29500
MERCEDES-BENZ Clase A,163,,2022,48913,Gasolina,Islas Baleares,35500
MERCEDES-BENZ Clase A,180,,2023,5334,Diésel,Barcelona,36695
MERCEDES-BENZ Clase A,180,,2020,59690,Diésel,Castellón,25990
MERCEDES-BENZ Clase A,250,,2020,69205,Híbrido,Madrid,27990
MERCEDES-BENZ Clase A,218,,2020,21348,Híbrido,Sevilla,28600
MERCEDES-BENZ Clase A,180,,2019,90623,Diésel,Madrid,23990
MERCEDES-BENZ Clase A,200,,2020,51302,Gasolina,Madrid,27399
MERCEDES-BENZ Clase A,180,,2023,8903,Diésel,Vizcaya,33990
MERCEDES-BENZ Clase A,180,,2019,77690,Diésel,Girona,25600
MERCEDES-BENZ Clase A,200,,2018,70000,Diésel,Vizcaya,24490
MERCEDES-BENZ Clase A,180,,2019,87000,Diésel,Castellón,24490
MERCEDES-BENZ Clase A,250,,2019,19000,Gasolina,Pontevedra,36490
MERCEDES-BENZ Clase A,250,Compacto,2022,20142,Gasolina,Islas Baleares,39500
MERCEDES-BENZ Clase A,200,,2018,48287,Diésel,Barcelona,22399
MERCEDES-BENZ Clase A,180,,2019,87392,Diésel,Sevilla,22990
MERCEDES-BENZ Clase A,163,,2022,46100,Gasolina,Valencia,31900
MERCEDES-BENZ Clase A,200,,2020,49000,Gasolina,Barcelona,27000
MERCEDES-BENZ Clase A,250,,2023,10000,Híbrido,Cádiz,38900
MERCEDES-BENZ Clase A,180,,2022,44256,Gasolina,Madrid,29599
MERCEDES-BENZ Clase A,200,,2023,40000,Diésel,Pontevedra,38990
MERCEDES-BENZ Clase A,200,,2014,177000,Diésel,Madrid,14690
MERCEDES-BENZ Clase A,180,,2024,3500,Diésel,Toledo,37500
MERCEDES-BENZ Clase A,180,Compacto,2023,23584,Diésel,Toledo,32900
MERCEDES-BENZ Clase A,200,,2018,71218,Gasolina,Madrid,24499
MERCEDES-BENZ Clase A,200,,2018,49793,Diésel,Madrid,21699
MERCEDES-BENZ Clase A,250,,2017,43000,Gasolina,Madrid,23190
MERCEDES-BENZ Clase A,180,,2022,36273,Gasolina,Orense,29450
MERCEDES-BENZ Clase A,180,,2015,153000,Diésel,Asturias,14990
MERCEDES-BENZ Clase A,200,Sedán,2022,62508,Diésel,Zaragoza,33900
MERCEDES-BENZ Clase A,180,,2020,36000,Diésel,Navarra,26990
MERCEDES-BENZ Clase A,180,,2018,75000,Diésel,Cádiz,22500
MERCEDES-BENZ Clase A,200,,2017,256000,Diésel,Girona,14990
MERCEDES-BENZ Clase A,180,,2019,82165,Diésel,Madrid,23499
MERCEDES-BENZ Clase A,180,,2019,117491,Diésel,Madrid,23990
MERCEDES-BENZ Clase A,250,,2023,15000,Híbrido,Cádiz,38900
MERCEDES-BENZ Clase A,180,,2020,20972,Diésel,Madrid,29300
MERCEDES-BENZ Clase A,200,,2019,172000,Diésel,Madrid,22490
MERCEDES-BENZ Clase A,220,,2019,108500,Gasolina,Alicante,26990
MERCEDES-BENZ Clase A,180,,2020,142968,Diésel,Jaén,20900
MERCEDES-BENZ Clase A,200,,2019,95200,Diésel,Pontevedra,24600
MERCEDES-BENZ Clase A,180,,2023,7194,Gasolina,Madrid,33990
MERCEDES-BENZ Clase A,250,,2023,25000,Híbrido,Cádiz,37900
MERCEDES-BENZ Clase A,180,,2021,43900,Diésel,Zaragoza,28900
MERCEDES-BENZ Clase A,180,,2018,128599,Diésel,Sevilla,22490
MERCEDES-BENZ Clase A,180,,2017,98000,Diésel,Sevilla,17995
MERCEDES-BENZ Clase A,180,,2013,101000,Diésel,Valencia,16490
MERCEDES-BENZ Clase A,136,,2018,73262,Diésel,Sevilla,22800
MERCEDES-BENZ Clase A,180,,2018,107500,Diésel,Madrid,25790
MERCEDES-BENZ Clase A,180,,2018,98774,Diésel,Madrid,22399
MERCEDES-BENZ Clase A,180,Sedán,2019,92000,Gasolina,Madrid,22490
MERCEDES-BENZ Clase A,200,,2018,144719,Gasolina,Vizcaya,22300
MERCEDES-BENZ Clase A,180,,2023,9121,Diésel,Toledo,33900
MERCEDES-BENZ Clase A,200,,2018,81384,Gasolina,Barcelona,25299
MERCEDES-BENZ Clase A,180,,2019,27000,Gasolina,Madrid,25900
MERCEDES-BENZ Clase A,180,,2019,99900,Diésel,Madrid,25900
MERCEDES-BENZ Clase A,180,,2023,21430,Gasolina,Barcelona,34600
MERCEDES-BENZ Clase A,200,,2016,99000,Gasolina,Alicante,20499
MERCEDES-BENZ Clase A,200,,2022,22490,Diésel,Orense,32890
MERCEDES-BENZ Clase A,180,,2020,79000,Diésel,Barcelona,23990
MERCEDES-BENZ Clase A,180,,2019,31770,Diésel,Alicante,26490
MERCEDES-BENZ Clase A,200,Sedán,2023,20577,Gasolina,Alicante,37990
MERCEDES-BENZ Clase A,250,,2021,67500,Híbrido Enchufable,Madrid,27490
MERCEDES-BENZ Clase A,200,,2018,93000,Gasolina,Girona,22990
MERCEDES-BENZ Clase A,180,Sedán,2022,44000,Gasolina,Girona,30990
MERCEDES-BENZ Clase A,116,,2020,45000,Diésel,Alicante,27999
MERCEDES-BENZ Clase A,200,,2014,95000,Diésel,Girona,16490
MERCEDES-BENZ Clase A,200,,2018,71218,Gasolina,Barcelona,24999
MERCEDES-BENZ Clase A,180,,2020,109855,Diésel,Orense,22840
MERCEDES-BENZ Clase A,200,,2021,52930,Diésel,Jaén,30990
MERCEDES-BENZ Clase A,180,,2018,103714,Gasolina,Barcelona,20990
MERCEDES-BENZ Clase A,180,,2023,10500,Diésel,Jaén,31990
MERCEDES-BENZ Clase A,180,,2023,10690,Híbrido,Almería,33490
MERCEDES-BENZ Clase A,250,,2020,42000,Híbrido,Madrid,30990
MERCEDES-BENZ Clase A,180,,2018,148843,Diésel,Badajoz,21900
MERCEDES-BENZ Clase A,200,,2023,22000,Gasolina,Jaén,33990
MERCEDES-BENZ Clase A,200,,2019,45558,Diésel,Granada,26990
MERCEDES-BENZ Clase A,180,Sedán,2020,52773,Diésel,Madrid,24790
MERCEDES-BENZ Clase A,180,,2018,82811,Diésel,Madrid,22399
MERCEDES-BENZ Clase A,180,,2018,95000,Diésel,Castellón,24900
MERCEDES-BENZ Clase A,180,,2017,124014,Diésel,Málaga,18390
MERCEDES-BENZ Clase A,180,,2015,112676,Gasolina,Madrid,17900
MERCEDES-BENZ Clase A,180,,2010,141000,Diésel,Málaga,8400
MERCEDES-BENZ Clase A,250,,2020,49990,Híbrido,Vizcaya,26990
MERCEDES-BENZ Clase A,200,,2018,90802,Gasolina,Barcelona,27490
MERCEDES-BENZ Clase A,116,,2018,72000,Diésel,Barcelona,23900
MERCEDES-BENZ Clase A,163,,2019,86421,Gasolina,Málaga,28890
MERCEDES-BENZ Clase A,250,,2021,70200,Híbrido,Alicante,26990
MERCEDES-BENZ Clase A,170,,2001,321509,Diésel,Madrid,2900
MERCEDES-BENZ Clase A,180,,2018,153000,Diésel,Madrid,16490
MERCEDES-BENZ Clase A,220,,2014,165000,Diésel,Sevilla,17990
MERCEDES-BENZ Clase A,180,,2024,800,Gasolina,Sevilla,32900
MERCEDES-BENZ Clase A,200,,2018,76000,Gasolina,Barcelona,21490
MERCEDES-BENZ Clase A,180,,2021,72774,Diésel,Granada,26595
MERCEDES-BENZ Clase A,200,,2018,68834,Gasolina,Cádiz,28990
MERCEDES-BENZ Clase A,200,,2023,9645,Diésel,Madrid,33450
MERCEDES-BENZ Clase A,180,,2020,60000,Gasolina,Madrid,21850
MERCEDES-BENZ Clase A,180,,2022,18968,Diésel,Málaga,30490
MERCEDES-BENZ Clase A,180,,2015,127000,Gasolina,Madrid,15990
MERCEDES-BENZ Clase A,180,,2020,149000,Diésel,Cádiz,21500
MERCEDES-BENZ Clase A,200,,2019,100001,Diésel,Madrid,25890
MERCEDES-BENZ Clase A,200,,2023,13630,Diésel,Córdoba,32990
MERCEDES-BENZ Clase A,180,,2019,100000,Gasolina,Girona,25690
MERCEDES-BENZ Clase A,250,,2020,55000,Híbrido,Vizcaya,27990
MERCEDES-BENZ Clase A,180,Sedán,2023,13371,Híbrido,Málaga,32990
MERCEDES-BENZ Clase A,250,,2021,112508,Híbrido,Madrid,25000
MERCEDES-BENZ Clase A,200,,2021,82000,Diésel,Almería,30900
MERCEDES-BENZ Clase A,180,,2019,80000,Gasolina,Barcelona,26900
MERCEDES-BENZ Clase A,200,,2022,9349,Diésel,Málaga,32990
MERCEDES-BENZ Clase A,180,,2014,36841,Diésel,Madrid,16699
MERCEDES-BENZ Clase A,200,,2022,32485,Diésel,Madrid,32890
MERCEDES-BENZ Clase A,180,,2020,89209,Gasolina,Barcelona,25500
MERCEDES-BENZ Clase A,200,,2024,8888,Diésel,Madrid,35490
MERCEDES-BENZ Clase A,180,,2018,102090,Diésel,La Rioja,16800
MERCEDES-BENZ Clase A,180,,2019,72251,Diésel,Sevilla,23980
MERCEDES-BENZ Clase A,180,,2023,12238,Diésel,Cádiz,31990
MERCEDES-BENZ Clase A,250,,2020,41000,Gasolina,Madrid,34990
MERCEDES-BENZ Clase A,180,,2023,10186,Diésel,Vizcaya,31980
MERCEDES-BENZ Clase A,200,,2021,45000,Gasolina,Alicante,30895
MERCEDES-BENZ Clase A,180,Sedán,2023,15413,Híbrido,Málaga,32990
MERCEDES-BENZ Clase A,180,,2020,80000,Diésel,Málaga,27990
MERCEDES-BENZ Clase A,200,,2018,81384,Gasolina,Madrid,25299
MERCEDES-BENZ Clase A,180,,2023,12771,Diésel,Vizcaya,31980
MERCEDES-BENZ Clase A,180,,2023,14139,Diésel,Vizcaya,33990
MERCEDES-BENZ Clase A,180,Sedán,2023,17500,Diésel,Madrid,36490
MERCEDES-BENZ Clase A,200,,2017,116000,Diésel,Asturias,23500
MERCEDES-BENZ Clase A,180,,2023,14714,Diésel,Cádiz,31900
MERCEDES-BENZ Clase A,180,,2017,73643,Gasolina,Barcelona,20099
MERCEDES-BENZ Clase A,220,,2019,95598,Diésel,Málaga,27900
MERCEDES-BENZ Clase A,200,,2018,49793,Diésel,Barcelona,21699
MERCEDES-BENZ Clase A,180,,2015,188000,Diésel,Alicante,15999
MERCEDES-BENZ Clase A,180,,2020,76690,Diésel,Lugo,25900
MERCEDES-BENZ Clase A,250,,2023,5551,Híbrido,Barcelona,45900
MERCEDES-BENZ Clase A,160,,2017,188948,Diésel,Badajoz,13990
MERCEDES-BENZ Clase A,250,,2020,59000,Gasolina,Madrid,33900
MERCEDES-BENZ Clase A,200,Sedán,2022,11900,Diésel,Madrid,31790
MERCEDES-BENZ Clase A,180,,2022,34000,Gasolina,Barcelona,30595
MERCEDES-BENZ Clase A,200,,2019,90455,Diésel,Madrid,24400
MERCEDES-BENZ Clase A,180,,2017,148000,Diésel,Barcelona,14900
MERCEDES-BENZ Clase A,160,,2015,167800,Diésel,Madrid,12690
MERCEDES-BENZ Clase A,180,,2019,94000,Diésel,Madrid,22999
MERCEDES-BENZ Clase A,200,,2020,50555,Diésel,Madrid,31990
MERCEDES-BENZ Clase A,250,,2023,10000,Híbrido,Barcelona,34490
MERCEDES-BENZ Clase A,200,,2023,12415,Diésel,Málaga,33490
MERCEDES-BENZ Clase A,180,,2023,10554,Diésel,Alicante,34490
MERCEDES-BENZ Clase A,200,,2022,30000,Gasolina,Barcelona,33990
MERCEDES-BENZ Clase A,200,,2017,150584,Diésel,Madrid,16999
MERCEDES-BENZ Clase A,200,,2017,72000,Diésel,Madrid,21990
MERCEDES-BENZ Clase A,200,,2023,9108,Diésel,Málaga,33490
MERCEDES-BENZ Clase A,180,Sedán,2020,43000,Gasolina,Alicante,25900
MERCEDES-BENZ Clase A,180,,2019,114000,Diésel,La Coruña,25490
MERCEDES-BENZ Clase A,200,,2022,31977,Diésel,Madrid,34900
MERCEDES-BENZ Clase A,180,,2019,99000,Gasolina,Madrid,24990
MERCEDES-BENZ Clase A,220,,2019,132000,Diésel,Alicante,27900
MERCEDES-BENZ Clase A,200,,2021,65000,Gasolina,Barcelona,28990
MERCEDES-BENZ Clase A,200,,2021,130432,Diésel,Tarragona,28900
MERCEDES-BENZ Clase A,180,,2023,9999,Diésel,Guipúzcoa,31890
MERCEDES-BENZ Clase A,180,Sedán,2023,20852,Híbrido,Málaga,32990
MERCEDES-BENZ Clase A,180,,2023,12896,Diésel,Barcelona,33695
MERCEDES-BENZ Clase A,180,,2019,93837,Diésel,Barcelona,22999
MERCEDES-BENZ Clase A,200,,2018,130000,Diésel,Lleida,20990
MERCEDES-BENZ Clase A,250,,2022,58000,Híbrido Enchufable,Madrid,27995
MERCEDES-BENZ Clase A,250,,2023,16282,Híbrido,Barcelona,39795
MERCEDES-BENZ Clase A,180,,2023,12236,Diésel,Cádiz,31900
MERCEDES-BENZ Clase A,200,,2020,24236,Gasolina,Barcelona,28499
MERCEDES-BENZ Clase A,250,,2022,13540,Híbrido,Jaén,33990
MERCEDES-BENZ Clase A,180,,2020,41340,Gasolina,Jaén,23990
MERCEDES-BENZ Clase A,200,,2023,19981,Diésel,Málaga,32490
MERCEDES-BENZ Clase A,180,,2023,5545,Gasolina,Jaén,32990
MERCEDES-BENZ Clase A,200,,2022,26400,Diésel,Barcelona,32550
MERCEDES-BENZ Clase A,200,,2018,79733,Diésel,Madrid,22990
MERCEDES-BENZ Clase A,116,,2020,73412,Diésel,Sevilla,24900
MERCEDES-BENZ Clase A,200,Sedán,2019,168000,Diésel,Madrid,28490
MERCEDES-BENZ Clase A,180,,2018,125000,Diésel,Sevilla,19895
MERCEDES-BENZ Clase A,200,,2022,16232,Diésel,Málaga,31990
MERCEDES-BENZ Clase A,180,,2022,12964,Diésel,Madrid,31450
MERCEDES-BENZ Clase A,200,,2019,28246,Diésel,Madrid,27100
MERCEDES-BENZ Clase A,180,,2019,82165,Diésel,Barcelona,23999
MERCEDES-BENZ Clase A,250,,2020,78000,Híbrido,Barcelona,29900
MERCEDES-BENZ Clase A,180,,2023,21493,Híbrido,Córdoba,30990
MERCEDES-BENZ Clase A,180,,2023,23500,Híbrido,Jaén,31990
MERCEDES-BENZ Clase A,200,,2018,61885,Diésel,Murcia,24800
MERCEDES-BENZ Clase A,180,,2017,156502,Diésel,Madrid,18299
MERCEDES-BENZ Clase A,200,,2022,33400,Diésel,Jaén,32990
MERCEDES-BENZ Clase A,170,,2003,189882,Diésel,Madrid,4940
MERCEDES-BENZ Clase A,200,,2016,125811,Gasolina,Granada,18990
MERCEDES-BENZ Clase A,180,Sedán,2020,108799,Diésel,Pontevedra,24990
MERCEDES-BENZ Clase A,200,Sedán,2023,34450,Diésel,Cádiz,34490
MERCEDES-BENZ Clase A,180,,2016,116000,Diésel,Huelva,18900
MERCEDES-BENZ Clase A,180,,2018,125512,Gasolina,Lleida,18490
MERCEDES-BENZ Clase A,200,Sedán,2022,22970,Diésel,Madrid,32490
MERCEDES-BENZ Clase A,220,,2016,190000,Diésel,Sevilla,18490
MERCEDES-BENZ Clase A,180,,2021,30000,Diésel,Alicante,30999
MERCEDES-BENZ Clase A,180,,2019,131366,Diésel,Cáceres,22490
MERCEDES-BENZ Clase A,200,,2018,90350,Diésel,Asturias,26490
MERCEDES-BENZ Clase A,200,,2021,34352,Gasolina,Málaga,27990
MERCEDES-BENZ Clase A,180,,2023,17899,Híbrido,Almería,32490
MERCEDES-BENZ Clase A,180,Sedán,2019,69000,Diésel,Sevilla,23900
MERCEDES-BENZ Clase A,136,,2016,110942,Diésel,Málaga,19890
MERCEDES-BENZ Clase A,180,Sedán,2023,22949,Híbrido,Almería,32990
MERCEDES-BENZ Clase A,200,,2021,16246,Diésel,Madrid,32700
MERCEDES-BENZ Clase A,200,,2019,65575,Diésel,Pontevedra,28990
MERCEDES-BENZ Clase A,180,,2022,16009,Diésel,Cádiz,30490
MERCEDES-BENZ Clase A,180,,2018,206000,Diésel,Alicante,21999
MERCEDES-BENZ Clase A,180,,2020,86448,Gasolina,Barcelona,26990
MERCEDES-BENZ Clase A,250,,2021,109805,Híbrido,Málaga,25990
MERCEDES-BENZ Clase A,180,,2023,11909,Híbrido,Jaén,32990
MERCEDES-BENZ Clase A,180,Sedán,2019,48000,Diésel,La Coruña,24490
MERCEDES-BENZ Clase A,180,,2018,98774,Diésel,Barcelona,22399
MERCEDES-BENZ Clase A,180,,2020,81575,Gasolina,Cádiz,25900
MERCEDES-BENZ Clase A,250,,2021,30000,Híbrido Enchufable,Sevilla,27899
MERCEDES-BENZ Clase A,200,,2023,19661,Diésel,Pontevedra,34990
MERCEDES-BENZ Clase A,200,,2013,176646,Diésel,Madrid,16490
MERCEDES-BENZ Clase A,180,,2020,53900,Diésel,Madrid,26500
MERCEDES-BENZ Clase A,180,,2019,69990,Diésel,Cádiz,22900
MERCEDES-BENZ Clase A,200,,2021,66388,Diésel,Madrid,30490
MERCEDES-BENZ Clase A,250,,2021,40000,Híbrido,Madrid,32490
MERCEDES-BENZ Clase A,180,,2019,109916,Diésel,Barcelona,26990
MERCEDES-BENZ Clase A,200,,2021,53000,Diésel,Valencia,26490
MERCEDES-BENZ Clase A,200,,2023,21635,Diésel,Córdoba,32990
MERCEDES-BENZ Clase A,200,,2020,24236,Gasolina,Madrid,28499
MERCEDES-BENZ Clase A,180,,2015,156000,Diésel,Madrid,15999
MERCEDES-BENZ Clase A,250,,2022,8530,Híbrido,Jaén,33990
MERCEDES-BENZ Clase A,160,,2010,146000,Gasolina,Madrid,7990
MERCEDES-BENZ Clase A,200,,2017,146000,Diésel,Granada,19500
MERCEDES-BENZ Clase A,180,,2023,12451,Diésel,Málaga,31990
MERCEDES-BENZ Clase A,200,,2020,26547,Diésel,Madrid,31490
MERCEDES-BENZ Clase A,200,,2018,78885,Diésel,Córdoba,19490
MERCEDES-BENZ Clase A,200,,2023,10512,Diésel,Pontevedra,33990
MERCEDES-BENZ Clase A,250,Sedán,2021,32900,Híbrido Enchufable,Madrid,36900
MERCEDES-BENZ Clase A,180,,2023,13090,Diésel,Vizcaya,33990
MERCEDES-BENZ Clase A,180,,2018,163000,Diésel,Madrid,24990
MERCEDES-BENZ Clase A,180,Sedán,2020,111634,Diésel,Madrid,23999
MERCEDES-BENZ Clase A,200,,2022,37859,Diésel,Málaga,29990
MERCEDES-BENZ Clase A,220,,2019,91500,Diésel,Madrid,27890
MERCEDES-BENZ Clase A,220,,2019,112000,Gasolina,Madrid,27990
MERCEDES-BENZ Clase A,180,,2018,139000,Diésel,Madrid,19900
MERCEDES-BENZ Clase A,122,,2012,136500,Gasolina,Madrid,12750
MERCEDES-BENZ Clase A,250,,2021,39000,Híbrido Enchufable,Madrid,31999
MERCEDES-BENZ Clase A,180,,2018,112000,Diésel,Málaga,16950
MERCEDES-BENZ Clase A,200,,2020,64636,Diésel,Madrid,28599
MERCEDES-BENZ Clase A,180,Sedán,2020,100000,Diésel,Murcia,8500
MERCEDES-BENZ Clase A,200,,2017,202000,Diésel,Madrid,18490
MERCEDES-BENZ Clase A,200,,2020,71626,Diésel,Madrid,29790
MERCEDES-BENZ Clase A,200,,2019,105000,Gasolina,Madrid,25750
MERCEDES-BENZ Clase A,250,,2022,33900,Híbrido Enchufable,Madrid,35990
MERCEDES-BENZ Clase A,180,Sedán,2023,16335,Híbrido,Jaén,34990
MERCEDES-BENZ Clase A,200,,2022,70516,Diésel,Madrid,30990
MERCEDES-BENZ Clase A,200,Sedán,2019,71000,Gasolina,Alicante,27900
MERCEDES-BENZ Clase A,180,,2020,69000,Diésel,Madrid,23850
MERCEDES-BENZ Clase A,200,,2023,11000,Diésel,Jaén,33990
MERCEDES-BENZ Clase A,200,,2020,80250,Diésel,Sevilla,29900
MERCEDES-BENZ Clase A,220,,2014,165000,Diésel,Málaga,17990
MERCEDES-BENZ Clase A,200,,2022,27000,Diésel,La Coruña,32490
MERCEDES-BENZ Clase A,180,,2016,117000,Gasolina,Málaga,16490
MERCEDES-BENZ Clase A,200,,2020,48450,Gasolina,Madrid,29890
MERCEDES-BENZ Clase A,200,,2023,8334,Gasolina,Barcelona,36500
MERCEDES-BENZ Clase A,250,,2023,17250,Híbrido,Barcelona,44900
MERCEDES-BENZ Clase A,180,,2020,79186,Diésel,Madrid,25490
MERCEDES-BENZ Clase A,250,,2022,72058,Híbrido Enchufable,Madrid,29990
MERCEDES-BENZ Clase A,180,,2020,106500,Gasolina,La Coruña,25490
MERCEDES-BENZ Clase A,200,,2014,128000,Diésel,Madrid,16999
MERCEDES-BENZ Clase A,180,,2018,93253,Diésel,Barcelona,24599
MERCEDES-BENZ Clase A,180,,2019,94000,Diésel,Barcelona,22999
MERCEDES-BENZ Clase A,180,Sedán,2023,12379,Gasolina,Cádiz,33500
MERCEDES-BENZ Clase A,180,,2024,800,Diésel,Sevilla,34900
MERCEDES-BENZ Clase A,200,,2020,89375,Gasolina,Sevilla,25900
MERCEDES-BENZ Clase A,180,,2016,120000,Diésel,Badajoz,18490
MERCEDES-BENZ Clase A,200,,2020,101000,Gasolina,Madrid,29950
MERCEDES-BENZ Clase A,200,,2022,21782,Diésel,La Coruña,30990
MERCEDES-BENZ Clase A,180,Sedán,2020,96826,Diésel,Lugo,24900
MERCEDES-BENZ Clase A,250,,2023,9535,Híbrido,Madrid,36990
MERCEDES-BENZ Clase A,200,,2023,17926,Diésel,Madrid,32999
MERCEDES-BENZ Clase A,200,,2019,84000,Diésel,Granada,31500
MERCEDES-BENZ Clase A,220,,2020,81000,Gasolina,Barcelona,31990
MERCEDES-BENZ Clase A,200,,2005,129980,Gasolina,Valencia,6990
MERCEDES-BENZ Clase A,180,,2018,82811,Diésel,Barcelona,22399
MERCEDES-BENZ Clase A,250,,2021,51500,Híbrido,Madrid,30690
MERCEDES-BENZ Clase A,200,,2022,13103,Diésel,Málaga,32490
MERCEDES-BENZ Clase A,200,,2024,800,Diésel,Sevilla,40900
MERCEDES-BENZ Clase A,250,,2020,68937,Híbrido,Málaga,36990
MERCEDES-BENZ Clase A,180,,2018,66963,Diésel,Cádiz,22990
MERCEDES-BENZ Clase A,200,Sedán,2022,19033,Diésel,Madrid,31490
MERCEDES-BENZ Clase A,180,,2023,15410,Híbrido,Málaga,32490
MERCEDES-BENZ Clase A,250,,2021,8500,Híbrido Enchufable,Tarragona,35900
MERCEDES-BENZ Clase A,200,,2023,17740,Diésel,Jaén,33990
MERCEDES-BENZ Clase A,200,,2018,123000,Gasolina,Madrid,25490
MERCEDES-BENZ Clase A,180,,2014,94000,Gasolina,Madrid,16800
MERCEDES-BENZ Clase A,200,,2022,20253,Diésel,Cádiz,31990
MERCEDES-BENZ Clase A,200,,2017,113566,Diésel,Barcelona,20900
MERCEDES-BENZ Clase A,220,,2020,143308,Diésel,Madrid,25990
MERCEDES-BENZ Clase A,180,,2023,15430,Diésel,Lugo,31900
MERCEDES-BENZ Clase A,180,,2019,69024,Diésel,Madrid,23990
MERCEDES-BENZ Clase A,180,,2024,0,Diésel,Sevilla,34900
MERCEDES-BENZ Clase A,200,,2020,85000,Diésel,Barcelona,22066
MERCEDES-BENZ Clase A,180,,2021,76346,Diésel,Madrid,29900
MERCEDES-BENZ Clase A,200,,2020,78054,Diésel,Madrid,27490
MERCEDES-BENZ Clase A,180,Sedán,2019,95758,Diésel,Barcelona,24950
MERCEDES-BENZ Clase A,200,,2020,119000,Diésel,Salamanca,29990
MERCEDES-BENZ Clase A,200,,2019,86000,Diésel,Barcelona,29500
MERCEDES-BENZ Clase A,220,,2019,70001,Gasolina,Madrid,28490
MERCEDES-BENZ Clase A,180,,2019,56000,Diésel,Madrid,23450
MERCEDES-BENZ Clase A,200,Sedán,2023,30904,Diésel,Málaga,34490
MERCEDES-BENZ Clase A,180,Sedán,2023,19981,Híbrido,Málaga,32990
MERCEDES-BENZ Clase A,200,,2024,9000,Diésel,Madrid,37900
MERCEDES-BENZ Clase A,180,,2021,72520,Diésel,Alicante,27490
MERCEDES-BENZ Clase A,180,,2024,800,Diésel,Sevilla,34900
MERCEDES-BENZ Clase A,180,,2010,218000,Diésel,Jaén,8500
MERCEDES-BENZ Clase A,220,,2019,53250,Gasolina,Madrid,30590
MERCEDES-BENZ Clase A,180,,2019,69000,Diésel,Madrid,22450
MERCEDES-BENZ Clase A,180,,2019,99235,Diésel,Barcelona,24595
MERCEDES-BENZ Clase A,200,,2019,83346,Diésel,Madrid,27800
MERCEDES-BENZ Clase A,180,,2021,80000,Gasolina,Barcelona,31990
MERCEDES-BENZ Clase A,180,,2015,110000,Diésel,Barcelona,14500
MERCEDES-BENZ Clase A,200,,2018,59500,Diésel,Madrid,22490
MERCEDES-BENZ Clase A,250,,2020,62000,Híbrido,Barcelona,31990
MERCEDES-BENZ Clase A,180,,2014,36841,Diésel,Barcelona,16699
MERCEDES-BENZ Clase A,180,,2021,26649,Diésel,Sevilla,29900
MERCEDES-BENZ Clase A,180,,2020,37240,Gasolina,Cádiz,25900
MERCEDES-BENZ Clase A,180,,2023,18789,Diésel,Guipúzcoa,33990
MERCEDES-BENZ Clase A,180,,2019,80000,Gasolina,Barcelona,26900
MERCEDES-BENZ Clase A,200,,2022,11480,Diésel,Madrid,32490
MERCEDES-BENZ Clase A,200,Sedán,2022,21678,Diésel,Málaga,32490
MERCEDES-BENZ Clase A,200,Sedán,2022,21063,Diésel,Madrid,31490
MERCEDES-BENZ Clase A,200,,2023,15481,Diésel,Toledo,32490
MERCEDES-BENZ Clase A,180,,2022,22903,Diésel,Cádiz,31900
MERCEDES-BENZ Clase A,220,,2015,103400,Gasolina,Madrid,17490
MERCEDES-BENZ Clase A,180,,2018,155032,Diésel,Barcelona,20900
MERCEDES-BENZ Clase A,200,,2022,10138,Diésel,Cádiz,31990
MERCEDES-BENZ Clase A,180,,2018,91000,Gasolina,Barcelona,20500
MERCEDES-BENZ Clase A,200,,2023,15868,Diésel,Lugo,34900
MERCEDES-BENZ Clase A,180,,2021,75642,Diésel,Lugo,25500
MERCEDES-BENZ Clase A,180,Sedán,2023,7173,Híbrido,Málaga,32990
MERCEDES-BENZ Clase A,180,,2020,124066,Diésel,Madrid,20690
MERCEDES-BENZ Clase A,250,Sedán,2020,99586,Híbrido Enchufable,Madrid,26990
MERCEDES-BENZ Clase A,200,Sedán,2023,16500,Diésel,Jaén,36990
MERCEDES-BENZ Clase A,200,,2022,44100,Diésel,Sevilla,31900
MERCEDES-BENZ Clase A,180,,2023,14890,Diésel,Vizcaya,33990
MERCEDES-BENZ Clase A,180,,2019,62078,Diésel,Madrid,24990
MERCEDES-BENZ Clase A,180,,2019,150000,Diésel,Salamanca,18999
MERCEDES-BENZ Clase A,170,,2024,214217,Diésel,Madrid,2990
MERCEDES-BENZ Clase A,180,Sedán,2023,11322,Híbrido,Málaga,32990
MERCEDES-BENZ Clase A,250,,2019,88965,Gasolina,Madrid,31990
MERCEDES-BENZ Clase A,180,,2020,129402,Diésel,Toledo,22990
MERCEDES-BENZ Clase A,180,,2017,165000,Diésel,Jaén,16900
MERCEDES-BENZ Clase A,180,,2019,59000,Gasolina,Madrid,23850
MERCEDES-BENZ Clase A,200,,2023,27000,Diésel,Málaga,32900
MERCEDES-BENZ Clase A,200,,2023,8167,Gasolina,Barcelona,36900
MERCEDES-BENZ Clase A,200,,2017,92804,Diésel,Valencia,22500
MERCEDES-BENZ Clase A,250,Sedán,2023,13500,Híbrido,Jaén,36990
MERCEDES-BENZ Clase A,180,Sedán,2020,71584,Diésel,Lugo,24900
MERCEDES-BENZ Clase A,180,,2021,35572,Diésel,Málaga,25990
MERCEDES-BENZ Clase A,180,,2020,67162,Diésel,Granada,23990
MERCEDES-BENZ Clase A,180,,2021,66350,Gasolina,Madrid,26990
MERCEDES-BENZ Clase A,180,,2021,99227,Diésel,Madrid,23990
MERCEDES-BENZ Clase A,200,Sedán,2024,800,Diésel,Sevilla,40900
MERCEDES-BENZ Clase A,200,,2022,21665,Diésel,Málaga,31990
MERCEDES-BENZ Clase A,180,,2023,21846,Diésel,Málaga,31990
MERCEDES-BENZ Clase A,250,,2021,21414,Híbrido Enchufable,Madrid,29790
MERCEDES-BENZ Clase A,220,,2019,27370,Gasolina,Barcelona,33990
MERCEDES-BENZ Clase A,250,Sedán,2021,77000,Híbrido,Madrid,26850
MERCEDES-BENZ Clase A,180,,2021,63593,Diésel,Madrid,25990
MERCEDES-BENZ Clase A,200,Sedán,2020,61000,Gasolina,La Coruña,27900
MERCEDES-BENZ Clase A,200,,2023,25804,Diésel,Cádiz,34900
MERCEDES-BENZ Clase A,200,,2007,200000,Diésel,Pontevedra,9500
MERCEDES-BENZ Clase A,160,,2003,262620,Gasolina,Málaga,1900
MERCEDES-BENZ Clase A,180,,2020,89257,Diésel,Madrid,26400
MERCEDES-BENZ Clase A,180,,2023,13290,Híbrido,Almería,33890
MERCEDES-BENZ Clase A,180,,2005,296000,Diésel,Madrid,4900
MERCEDES-BENZ Clase A,200,,2023,23839,Diésel,Lugo,36500
MERCEDES-BENZ Clase A,220,,2018,74000,Diésel,Madrid,26890
MERCEDES-BENZ Clase A,180,,2018,169500,Diésel,Madrid,20190
MERCEDES-BENZ Clase A,180,,2018,79000,Diésel,Badajoz,23480
MERCEDES-BENZ Clase A,200,,2018,122000,Diésel,Madrid,23990
MERCEDES-BENZ Clase A,180,Sedán,2019,63132,Diésel,Madrid,26990
MERCEDES-BENZ Clase A,180,,2018,85000,Diésel,Madrid,17850
MERCEDES-BENZ Clase A,250,,2020,94279,Híbrido Enchufable,Alicante,24990
MERCEDES-BENZ Clase A,200,Sedán,2023,11500,Diésel,Madrid,33490
MERCEDES-BENZ Clase A,180,,2019,46148,Diésel,Madrid,25490
MERCEDES-BENZ Clase A,200,,2015,134302,Gasolina,Madrid,16990
MERCEDES-BENZ Clase A,180,,2014,210000,Diésel,Sevilla,12500
MERCEDES-BENZ Clase A,200,,2020,58600,Gasolina,Madrid,28790
MERCEDES-BENZ Clase A,140,,1999,34000,Gasolina,Murcia,4495
MERCEDES-BENZ Clase A,180,,2023,13944,Gasolina,Cádiz,32890
MERCEDES-BENZ Clase A,180,Sedán,2019,104000,Diésel,Girona,24700
MERCEDES-BENZ Clase A,180,,2018,88500,Diésel,Madrid,27990
MERCEDES-BENZ Clase A,250,,2020,18000,Híbrido,Barcelona,34900
MERCEDES-BENZ Clase A,200,,2017,91200,Diésel,Vizcaya,23790
MERCEDES-BENZ Clase A,180,,2020,83553,Diésel,Madrid,20690
MERCEDES-BENZ Clase A,180,,2019,67512,Gasolina,Madrid,23890
MERCEDES-BENZ Clase A,200,,2016,152000,Diésel,Madrid,18690
MERCEDES-BENZ Clase A,180,Sedán,2020,140000,Gasolina,La Coruña,22490
MERCEDES-BENZ Clase A,200,,2020,66000,Gasolina,Madrid,28690
MERCEDES-BENZ Clase A,200,,2018,79000,Gasolina,Madrid,23850
MERCEDES-BENZ Clase A,250,,2021,28900,Híbrido Enchufable,Madrid,31900
MERCEDES-BENZ Clase A,200,,2019,83346,Diésel,Madrid,27800
MERCEDES-BENZ Clase A,200,,2017,94000,Diésel,Málaga,20999
MERCEDES-BENZ Clase A,200,,2023,9981,Diésel,Málaga,33490
MERCEDES-BENZ Clase A,180,,2021,75254,Diésel,Valencia,26990
MERCEDES-BENZ Clase A,200,,2022,15716,Diésel,Málaga,31990
MERCEDES-BENZ Clase A,180,,2024,3599,Gasolina,Barcelona,37400
MERCEDES-BENZ Clase A,180,,2014,70024,Diésel,Barcelona,16300
MERCEDES-BENZ Clase A,200,,2023,31841,Diésel,Madrid,33980
MERCEDES-BENZ Clase A,200,,2023,24289,Diésel,Cádiz,34900
MERCEDES-BENZ Clase A,180,,2008,166000,Diésel,Alicante,8999
MERCEDES-BENZ Clase A,180,,2012,225000,Diésel,Madrid,12900
MERCEDES-BENZ Clase A,180,,2023,19501,Gasolina,Cádiz,32890
MERCEDES-BENZ Clase A,200,,2018,43456,Gasolina,Madrid,30490
MERCEDES-BENZ Clase A,200,,2019,49326,Diésel,Madrid,27840
MERCEDES-BENZ Clase A,180,,2020,94000,Diésel,Madrid,24000
MERCEDES-BENZ Clase A,200,,2022,73365,Diésel,Madrid,27990
MERCEDES-BENZ Clase A,180,,2023,14000,Diésel,Málaga,30900
MERCEDES-BENZ Clase A,180,Sedán,2020,95000,Diésel,Alicante,29900
MERCEDES-BENZ Clase A,180,,2017,83760,Diésel,Cáceres,17990
MERCEDES-BENZ Clase A,200,,2018,27700,Diésel,Barcelona,24900
MERCEDES-BENZ Clase A,200,,2023,25181,Diésel,Cádiz,33900
MERCEDES-BENZ Clase A,180,,2018,93253,Diésel,Madrid,24199
MERCEDES-BENZ Clase A,180,Sedán,2020,94248,Diésel,Valladolid,24490
MERCEDES-BENZ Clase A,180,,2017,135415,Diésel,Madrid,15870
MERCEDES-BENZ Clase A,150,,2021,24500,Diésel,Cantabria,37500
MERCEDES-BENZ Clase A,180,,2018,66000,Gasolina,Madrid,21190
MERCEDES-BENZ Clase A,180,,2023,13261,Híbrido,Málaga,32990
MERCEDES-BENZ Clase A,250,,2024,800,Híbrido,Sevilla,47900
MERCEDES-BENZ Clase A,200,,2018,98610,Gasolina,Barcelona,27990
MERCEDES-BENZ Clase A,200,,2018,54200,Diésel,Madrid,23490
MERCEDES-BENZ Clase A,180,,2023,29123,Diésel,Guipúzcoa,33890
MERCEDES-BENZ Clase A,200,Sedán,2022,15621,Diésel,Málaga,31990
MERCEDES-BENZ Clase A,180,,2023,10341,Diésel,Málaga,31990
MERCEDES-BENZ Clase A,180,Sedán,2019,56831,Diésel,Cádiz,26490
MERCEDES-BENZ Clase A,180,,2023,14216,Diésel,Cádiz,32890
MERCEDES-BENZ Clase A,180,,2019,75000,Diésel,Alicante,22500
MERCEDES-BENZ Clase A,180,,2023,15829,Diésel,Málaga,31990
MERCEDES-BENZ Clase A,200,,2019,82131,Diésel,Madrid,29300
MERCEDES-BENZ Clase A,200,,2023,9540,Diésel,Madrid,33990
MERCEDES-BENZ Clase A,200,,2023,16775,Diésel,Jaén,34990
MERCEDES-BENZ Clase A,250,,2024,11500,Híbrido,Jaén,39900
MERCEDES-BENZ Clase A,200,Sedán,2020,79000,Gasolina,La Coruña,27900
MERCEDES-BENZ Clase A,250,,2016,16500,Gasolina,Barcelona,27500
MERCEDES-BENZ Clase A,180,,2009,289400,Diésel,Madrid,4450
MERCEDES-BENZ Clase A,220,,2020,30000,Diésel,Madrid,34990
MERCEDES-BENZ Clase A,180,,2020,103273,Diésel,Valencia,23990
MERCEDES-BENZ Clase A,200,,2020,56653,Diésel,Madrid,31100
MERCEDES-BENZ Clase A,200,Sedán,2022,32040,Diésel,Jaén,31990
MERCEDES-BENZ Clase A,180,,2021,49001,Diésel,Barcelona,33500
MERCEDES-BENZ Clase A,200,,2023,23470,Diésel,Córdoba,32990
MERCEDES-BENZ Clase A,180,,2010,330000,Diésel,Madrid,5900
MERCEDES-BENZ Clase A,200,,2020,50660,Diésel,Madrid,31300
MERCEDES-BENZ Clase A,200,,2022,21365,Diésel,Málaga,31990
MERCEDES-BENZ Clase A,200,Sedán,2023,17999,Diésel,Asturias,34990
MERCEDES-BENZ Clase A,180,,2014,79523,Diésel,Madrid,16990
MERCEDES-BENZ Clase A,250,Sedán,2023,7075,Híbrido,Jaén,35990
MERCEDES-BENZ Clase A,180,,2017,156502,Diésel,Barcelona,18299
MERCEDES-BENZ Clase A,180,,2023,11463,Diésel,Guipúzcoa,33990
MERCEDES-BENZ Clase A,180,,2023,21699,Híbrido,Almería,33890
MERCEDES-BENZ Clase A,180,,2018,153500,Diésel,Madrid,19390
MERCEDES-BENZ Clase A,200,,2020,24030,Gasolina,Jaén,27990
MERCEDES-BENZ Clase A,180,,2020,87870,Diésel,Cádiz,27500
MERCEDES-BENZ Clase A,180,,2022,22419,Gasolina,Sevilla,32500
MERCEDES-BENZ Clase A,200,,2019,67343,Diésel,La Coruña,25790
MERCEDES-BENZ Clase A,200,,2018,125468,Gasolina,Cádiz,21990
MERCEDES-BENZ Clase A,150,,2005,124000,Gasolina,Málaga,7900
MERCEDES-BENZ Clase A,200,,2015,128800,Diésel,Madrid,14390
MERCEDES-BENZ Clase A,180,,2020,50482,Diésel,Cádiz,27900
MERCEDES-BENZ Clase A,250,,2014,10200,Gasolina,Madrid,22690
MERCEDES-BENZ Clase A,200,,2020,152062,Diésel,Málaga,22990
MERCEDES-BENZ Clase A,180,,2021,57000,Diésel,Madrid,33000
MERCEDES-BENZ Clase A,250,,2024,800,Híbrido,Sevilla,43900
MERCEDES-BENZ Clase A,160,,2001,308000,Diésel,Madrid,1450
MERCEDES-BENZ Clase A,200,,2015,95000,Diésel,Sevilla,17990
MERCEDES-BENZ Clase A,170,,2004,198000,Gasolina,Barcelona,3499
MERCEDES-BENZ Clase A,180,,2023,8405,Gasolina,Cádiz,32890
MERCEDES-BENZ Clase A,180,,2013,190000,Diésel,Salamanca,12499
MERCEDES-BENZ Clase A,220,,2019,99000,Gasolina,Tarragona,27900
MERCEDES-BENZ Clase A,180,,2023,6090,Diésel,Málaga,31990
MERCEDES-BENZ Clase A,200,,2016,93898,Diésel,Barcelona,18990
MERCEDES-BENZ Clase A,180,,2020,74522,Diésel,La Rioja,24500
MERCEDES-BENZ Clase A,180,,2022,120840,Gasolina,Jaén,20490
MERCEDES-BENZ Clase A,200,,2018,109994,Diésel,Madrid,21799
MERCEDES-BENZ Clase A,250,,2021,84169,Híbrido,Sevilla,30900
MERCEDES-BENZ Clase A,250,,2023,9988,Híbrido,Madrid,37990
MERCEDES-BENZ Clase A,180,,2017,98135,Diésel,Pontevedra,18990
MERCEDES-BENZ Clase A,160,,2009,76800,Gasolina,Valencia,11990
MERCEDES-BENZ Clase A,220,,2016,19990,Diésel,Barcelona,22900
MERCEDES-BENZ Clase A,220,,2019,111490,Gasolina,Toledo,28490
MERCEDES-BENZ Clase A,250,,2021,59900,Híbrido Enchufable,Madrid,27600
MERCEDES-BENZ Clase A,180,,2021,88336,Diésel,Madrid,23490
MERCEDES-BENZ Clase A,200,,2023,40287,Diésel,Málaga,31990
MERCEDES-BENZ Clase A,220,,2014,165000,Diésel,Cádiz,17990
MERCEDES-BENZ Clase A,180,,2020,58500,Diésel,La Coruña,26990
MERCEDES-BENZ Clase A,180,,2022,15254,Diésel,Granada,31095
MERCEDES-BENZ Clase A,180,,2015,72334,Diésel,Cáceres,17990
MERCEDES-BENZ Clase A,180,,2023,5522,Híbrido,Pontevedra,33990
MERCEDES-BENZ Clase A,180,,2017,100360,Gasolina,Barcelona,17490
MERCEDES-BENZ Clase A,180,,2018,73209,Diésel,Málaga,23490
MERCEDES-BENZ Clase A,200,Sedán,2022,14264,Diésel,Málaga,33990
MERCEDES-BENZ Clase A,180,Sedán,2023,20473,Híbrido,Cádiz,32990
MERCEDES-BENZ Clase A,200,Sedán,2022,25174,Diésel,Toledo,32990
MERCEDES-BENZ Clase A,180,,2019,82000,Diésel,Barcelona,22990
MERCEDES-BENZ Clase A,180,Sedán,2019,55000,Gasolina,Madrid,25900
MERCEDES-BENZ Clase A,180,,2018,66000,Diésel,Barcelona,25950
MERCEDES-BENZ Clase A,180,,2023,14540,Híbrido,Málaga,32490
MERCEDES-BENZ Clase A,180,,2023,19312,Híbrido,Jaén,32990
MERCEDES-BENZ Clase A,250,,2020,97526,Híbrido,Madrid,29100
MERCEDES-BENZ Clase A,250,,2021,42539,Híbrido,Madrid,32790
MERCEDES-BENZ Clase A,220,,2019,60755,Gasolina,Barcelona,27991
MERCEDES-BENZ Clase A,200,,2023,20000,Diésel,Barcelona,33790
MERCEDES-BENZ Clase A,200,,2018,21913,Gasolina,Barcelona,31900
MERCEDES-BENZ Clase A,180,,2019,80000,Diésel,Madrid,21500
MERCEDES-BENZ Clase A,180,,2009,321700,Diésel,Murcia,6300
MERCEDES-BENZ Clase A,180,,2023,15787,Diésel,Málaga,31990
MERCEDES-BENZ Clase A,250,Sedán,2020,105925,Híbrido,Madrid,30490
MERCEDES-BENZ Clase A,200,,2018,62000,Gasolina,Girona,28950
MERCEDES-BENZ Clase A,250,,2015,141171,Gasolina,Barcelona,20990
MERCEDES-BENZ Clase A,200,,2019,62658,Diésel,Madrid,26400
MERCEDES-BENZ Clase A,200,,2021,16246,Diésel,Madrid,32700
MERCEDES-BENZ Clase A,105,,2007,580000,Diésel,Madrid,5500
MERCEDES-BENZ Clase A,200,Sedán,2020,91000,Diésel,Barcelona,31475
MERCEDES-BENZ Clase A,110,,2018,131000,Diésel,Madrid,16350
MERCEDES-BENZ Clase A,200,,2018,109994,Diésel,Barcelona,21799
MERCEDES-BENZ Clase A,200,,2019,92767,Diésel,Madrid,24600
MERCEDES-BENZ Clase A,200,,2023,27318,Diésel,Sevilla,31900
MERCEDES-BENZ Clase A,200,,2019,92445,Diésel,Madrid,24400
MERCEDES-BENZ Clase A,180,,2018,63000,Gasolina,Málaga,18900
MERCEDES-BENZ Clase A,200,,2017,22500,Gasolina,Barcelona,23900
MERCEDES-BENZ Clase A,109,,2018,92772,Diésel,Madrid,17850
MERCEDES-BENZ Clase A,200,,2018,15000,Gasolina,Barcelona,30900
MERCEDES-BENZ Clase A,250,,2017,103000,Gasolina,Barcelona,25975
MERCEDES-BENZ Clase A,180,Sedán,2020,104429,Diésel,Cádiz,27500
MERCEDES-BENZ Clase A,180,,2018,148000,Diésel,Madrid,21000
MERCEDES-BENZ Clase A,180,,2021,65000,Diésel,Madrid,27500
MERCEDES-BENZ Clase A,250,,2024,7500,Híbrido,Jaén,39900
MERCEDES-BENZ Clase A,180,,2023,28956,Diésel,Cádiz,32890
MERCEDES-BENZ Clase A,180,,2018,96976,Diésel,Cádiz,27750
MERCEDES-BENZ Clase A,250,,2021,61000,Híbrido,Madrid,26450
MERCEDES-BENZ Clase A,180,,2014,103422,Diésel,Pontevedra,14500
MERCEDES-BENZ Clase A,200,,2023,19189,Diésel,Cádiz,34900
MERCEDES-BENZ Clase A,200,,2021,62056,Diésel,Sevilla,31900
MERCEDES-BENZ Clase A,180,,2019,67097,Diésel,Cádiz,22899
MERCEDES-BENZ Clase A,180,,2019,73700,Diésel,Albacete,24350
MERCEDES-BENZ Clase A,160,,2005,260000,Diésel,Madrid,2990
MERCEDES-BENZ Clase A,200,,2023,16000,Diésel,Jaén,41600
MERCEDES-BENZ Clase A,180,,2024,800,Gasolina,Sevilla,32900
MERCEDES-BENZ Clase A,200,,2020,120000,Gasolina,Sevilla,24990
MERCEDES-BENZ Clase A,135,,2013,275000,Diésel,Pontevedra,10300
MERCEDES-BENZ Clase A,170,,2002,169000,Diésel,Alicante,3200
MERCEDES-BENZ Clase A,180,,2020,89257,Diésel,Madrid,26400
MERCEDES-BENZ Clase A,180,,2018,37549,Diésel,Granada,23490
MERCEDES-BENZ Clase A,220,,2016,98000,Gasolina,Madrid,23750
MERCEDES-BENZ Clase A,150,,2004,111700,Gasolina,Málaga,5650
MERCEDES-BENZ Clase A,200,,2020,81000,Diésel,Murcia,35000
MERCEDES-BENZ Clase A,200,,2018,55000,Diésel,Madrid,22499
MERCEDES-BENZ Clase A,180,,2020,80000,Diésel,Cádiz,27990
MERCEDES-BENZ Clase A,250,Sedán,2023,45600,Híbrido,Jaén,35990
MERCEDES-BENZ Clase A,250,Sedán,2020,78000,Híbrido Enchufable,Barcelona,29900
MERCEDES-BENZ Clase A,200,,2019,84080,Diésel,Granada,25990
MERCEDES-BENZ Clase A,102,,2017,54000,Gasolina,Alicante,16500
MERCEDES-BENZ Clase A,180,,2020,55000,Diésel,Madrid,22850
MERCEDES-BENZ Clase A,200,,2019,82131,Diésel,Madrid,29300
MERCEDES-BENZ Clase A,160,,2022,18000,Híbrido,Madrid,31200
MERCEDES-BENZ Clase A,180,,2023,23300,Diésel,Madrid,33900
MERCEDES-BENZ Clase A,150,,2020,74000,Diésel,Guipúzcoa,32500
MERCEDES-BENZ Clase A,135,,2013,169000,Diésel,Barcelona,13700
MERCEDES-BENZ Clase A,360,,2015,99800,Gasolina,Barcelona,27600
MERCEDES-BENZ Clase A,165,,2023,60000,Gasolina,Valencia,27800
MERCEDES-BENZ Clase A,115,,2019,74670,Diésel,Ciudad Real,23000
MERCEDES-BENZ Clase A,160,,2006,260597,Diésel,Murcia,5900
MERCEDES-BENZ Clase A,175,,2018,74600,Diésel,Barcelona,22950
MERCEDES-BENZ Clase A,160,,2010,43918,Gasolina,Cádiz,11300
MERCEDES-BENZ Clase A,180,,2015,102200,Gasolina,Alicante,13900
MERCEDES-BENZ Clase A,160,,2021,50800,Híbrido,Asturias,28200
MERCEDES-BENZ Clase A,180,,2021,71664,Diésel,Madrid,24740
MERCEDES-BENZ Clase A,135,,2016,67500,Diésel,Islas Baleares,19150
MERCEDES-BENZ Clase A,200,,2015,195000,Diésel,Madrid,14795
MERCEDES-BENZ Clase A,180,,2020,71000,Diésel,Madrid,22850
MERCEDES-BENZ Clase A,170,,2014,160000,Diésel,Toledo,16750
MERCEDES-BENZ Clase A,250,,2021,25352,Híbrido,Madrid,33300
MERCEDES-BENZ Clase A,180,,2023,15819,Híbrido,Jaén,32990
MERCEDES-BENZ Clase A,218,,2021,50600,Híbrido,Asturias,32900
MERCEDES-BENZ Clase A,180,,2019,107000,Diésel,Barcelona,22900
MERCEDES-BENZ Clase A,200,,2017,103000,Diésel,Madrid,17800
MERCEDES-BENZ Clase A,150,,2020,96500,Diésel,Valencia,27900
MERCEDES-BENZ Clase A,360,,2013,134251,Gasolina,Madrid,25750
MERCEDES-BENZ Clase A,115,,2020,83900,Diésel,Madrid,25800
MERCEDES-BENZ Clase A,200,Sedán,2019,60000,Gasolina,Madrid,24450
MERCEDES-BENZ Clase A,200,,2013,108000,Diésel,Barcelona,17990
MERCEDES-BENZ Clase A,160,,2001,276999,Diésel,Madrid,1500
MERCEDES-BENZ Clase A,115,,2021,30000,Diésel,Cádiz,25900
MERCEDES-BENZ Clase A,190,,2019,86000,Diésel,Málaga,28900
MERCEDES-BENZ Clase A,180,,2018,144000,Diésel,Lleida,20000
MERCEDES-BENZ Clase A,200,,2023,8835,Diésel,Jaén,33990
MERCEDES-BENZ Clase A,180,,2019,54000,Diésel,Alicante,54300
MERCEDES-BENZ Clase A,180,,2015,92307,Gasolina,Barcelona,20000
MERCEDES-BENZ Clase A,135,,2013,190000,Diésel,Madrid,12550
MERCEDES-BENZ Clase A,110,,2012,75400,Diésel,Barcelona,11950
MERCEDES-BENZ Clase A,220,,2016,98000,Gasolina,Barcelona,23800
MERCEDES-BENZ Clase A,180,,2021,59503,Gasolina,La Coruña,28790
MERCEDES-BENZ Clase A,135,,2016,135000,Diésel,Barcelona,17800
MERCEDES-BENZ Clase A,180,Sedán,2022,68000,Diésel,Madrid,26850
MERCEDES-BENZ Clase A,200,,2019,83000,Gasolina,Madrid,23850
MERCEDES-BENZ Clase A,180,,2016,190000,Diésel,Valencia,13000
MERCEDES-BENZ Clase A,180,,2020,53000,Diésel,Madrid,21850
MERCEDES-BENZ Clase A,180,,2020,69345,Diésel,Jaén,27990
MERCEDES-BENZ Clase A,180,,2008,265000,Diésel,Madrid,3500
MERCEDES-BENZ Clase A,180,,2011,52800,Diésel,Barcelona,10499
MERCEDES-BENZ Clase A,135,,2016,225000,Diésel,Asturias,14750
MERCEDES-BENZ Clase A,135,,2015,140000,Diésel,Málaga,17350
MERCEDES-BENZ Clase A,180,,2014,61000,Gasolina,Asturias,15600
MERCEDES-BENZ Clase A,175,,2018,100000,Diésel,Barcelona,21700
MERCEDES-BENZ Clase A,160,,2022,50000,Híbrido,Barcelona,25900
MERCEDES-BENZ Clase A,115,,2019,85200,Diésel,Barcelona,21000
MERCEDES-BENZ Clase A,180,,2022,19000,Diésel,Barcelona,31950
MERCEDES-BENZ Clase A,180,,2015,112000,Diésel,Barcelona,16990
MERCEDES-BENZ Clase A,115,,2019,128197,Diésel,Huelva,21700
MERCEDES-BENZ Clase A,200,,2018,85000,Gasolina,Guipúzcoa,22000
MERCEDES-BENZ Clase A,380,,2018,60000,Gasolina,Madrid,35350
MERCEDES-BENZ Clase A,180,,2015,210000,Diésel,Alicante,13500
MERCEDES-BENZ Clase A,200,,2016,65000,Diésel,Barcelona,21500
MERCEDES-BENZ Clase A,200,,2013,162000,Gasolina,Vizcaya,13000
MERCEDES-BENZ Clase A,120,,2019,50000,Gasolina,Madrid,20200
MERCEDES-BENZ Clase A,110,,2019,95400,Diésel,Barcelona,20950
MERCEDES-BENZ Clase A,170,,2006,115000,Gasolina,Barcelona,8500
MERCEDES-BENZ Clase A,200,,2020,53427,Diésel,Tarragona,27000
MERCEDES-BENZ Clase A,120,,2013,41100,Gasolina,Barcelona,14500
MERCEDES-BENZ Clase A,150,,2020,30000,Diésel,Lleida,26200
MERCEDES-BENZ Clase A,135,,2019,81000,Gasolina,Jaén,23200
MERCEDES-BENZ Clase A,420,,2020,75000,Gasolina,Alicante,50990
MERCEDES-BENZ Clase A,200,,2016,102000,Diésel,Valencia,17990
MERCEDES-BENZ Clase A,160,,2023,25400,Híbrido,Barcelona,30200
MERCEDES-BENZ Clase A,305,,2019,70000,Gasolina,Alicante,37300
MERCEDES-BENZ Clase A,200,,2015,174000,Diésel,Barcelona,13600
MERCEDES-BENZ Clase A,160,,2020,47000,Híbrido,Cádiz,30000
MERCEDES-BENZ Clase A,160,,2021,45000,Híbrido,Madrid,26800
MERCEDES-BENZ Clase A,110,,2015,70000,Diésel,Murcia,13300
MERCEDES-BENZ Clase A,110,,2010,180000,Diésel,Madrid,5600
MERCEDES-BENZ Clase A,165,,2021,58000,Gasolina,Granada,26350
MERCEDES-BENZ Clase A,135,,2018,90000,Diésel,Alicante,19000
MERCEDES-BENZ Clase A,115,,2019,120000,Diésel,Huelva,23050
MERCEDES-BENZ Clase A,250,,2023,3000,Híbrido,Madrid,35990
MERCEDES-BENZ Clase A,200,,2023,51637,Diésel,Valencia,32500
MERCEDES-BENZ Clase A,115,,2018,75000,Diésel,Barcelona,21450
MERCEDES-BENZ Clase A,180,,2023,3548,Diésel,León,31890
MERCEDES-BENZ Clase A,200,,2019,39000,Gasolina,Girona,31990
MERCEDES-BENZ Clase A,200,,2022,38000,Gasolina,La Coruña,32490
MERCEDES-BENZ Clase A,180,Sedán,2020,130467,Diésel,Vizcaya,23990
MERCEDES-BENZ Clase A,250,Compacto,2023,3800,Híbrido,Islas Baleares,39900
MERCEDES-BENZ Clase A,250,,2019,108000,Gasolina,Girona,32990
MERCEDES-BENZ Clase A,200,,2020,59097,Gasolina,Barcelona,30990
MERCEDES-BENZ Clase A,200,,2018,79143,Gasolina,Sevilla,25490
MERCEDES-BENZ Clase A,180,,2019,68640,Diésel,Jaén,25900
MERCEDES-BENZ Clase A,180,,2020,62361,Diésel,Madrid,25390
MERCEDES-BENZ Clase A,250,,2024,4,Híbrido,La Rioja,42900
MERCEDES-BENZ Clase A,250,Compacto,2024,0,Híbrido,Madrid,45900
MERCEDES-BENZ Clase A,180,,2013,129360,Diésel,Málaga,13850
MERCEDES-BENZ Clase A,200,Sedán,2021,118110,Diésel,Córdoba,29890
MERCEDES-BENZ Clase A,250,,2021,106126,Híbrido,Toledo,24990
MERCEDES-BENZ Clase A,220,,2019,97671,Diésel,Valladolid,31490
MERCEDES-BENZ Clase A,200,,2019,47568,Gasolina,Madrid,28899
MERCEDES-BENZ Clase A,116,,2022,32000,Diésel,Madrid,28495
MERCEDES-BENZ Clase A,180,,2016,143891,Diésel,Granada,18500
MERCEDES-BENZ Clase A,180,,2019,75169,Gasolina,Barcelona,21500
MERCEDES-BENZ Clase A,180,,2023,27962,Gasolina,La Rioja,32900
MERCEDES-BENZ Clase A,200,,2020,41342,Diésel,Barcelona,30900
MERCEDES-BENZ Clase A,200,,2023,24634,Diésel,Cádiz,33900
MERCEDES-BENZ Clase A,200,,2023,24634,Diésel,Cádiz,33900
MERCEDES-BENZ Clase A,116,,2022,32000,Diésel,Madrid,28495
MERCEDES-BENZ Clase A,180,,2019,76520,Diésel,Barcelona,26990
MERCEDES-BENZ Clase A,180,,2018,96935,Diésel,Cádiz,24900
MERCEDES-BENZ Clase A,360,,2013,120000,Gasolina,Madrid,27990
MERCEDES-BENZ Clase A,250,,2020,78500,Híbrido,Madrid,28990
MERCEDES-BENZ Clase A,200,,2023,13783,Diésel,Barcelona,36900
MERCEDES-BENZ Clase A,180,,2019,53907,Gasolina,Sevilla,23900
MERCEDES-BENZ Clase A,200,,2017,35500,Diésel,Madrid,22690
MERCEDES-BENZ Clase A,200,,2014,112000,Diésel,Madrid,17190
MERCEDES-BENZ Clase A,180,,2024,15600,Gasolina,Madrid,32990
MERCEDES-BENZ Clase A,220,,2016,131817,Diésel,Madrid,26500
MERCEDES-BENZ Clase A,200,,2019,49332,Gasolina,Madrid,27990
MERCEDES-BENZ Clase A,200,,2014,166600,Diésel,Málaga,17999
MERCEDES-BENZ Clase A,180,,2024,15600,Gasolina,Madrid,32990
MERCEDES-BENZ Clase A,220,,2016,131817,Diésel,Madrid,26500
MERCEDES-BENZ Clase A,200,,2020,73325,Diésel,Córdoba,20990
MERCEDES-BENZ Clase A,180,,2020,85988,Diésel,Madrid,24500
MERCEDES-BENZ Clase A,200,,2023,17609,Diésel,Sevilla,33900
MERCEDES-BENZ Clase A,200,,2023,14609,Diésel,Sevilla,33900
MERCEDES-BENZ Clase A,180,,2019,76520,Diésel,Barcelona,26990
MERCEDES-BENZ Clase A,200,,2014,166600,Diésel,Málaga,17999
MERCEDES-BENZ Clase A,250,Sedán,2023,26295,Híbrido Enchufable,Barcelona,39500
MERCEDES-BENZ Clase A,200,,2020,50660,Diésel,Madrid,31300
MERCEDES-BENZ Clase A,180,,2021,49952,Diésel,Málaga,26890
MERCEDES-BENZ Clase A,180,Sedán,2019,99801,Diésel,Málaga,26490
MERCEDES-BENZ Clase A,200,,2023,11467,Diésel,Madrid,32990
MERCEDES-BENZ Clase A,200,,2023,34134,Gasolina,Málaga,33890
MERCEDES-BENZ Clase A,170,,2003,218000,Diésel,Murcia,3499
MERCEDES-BENZ Clase A,200,,2021,38414,Diésel,Madrid,32400
MERCEDES-BENZ Clase A,200,,2019,48326,Diésel,Madrid,25490
MERCEDES-BENZ Clase A,180,,2021,69000,Diésel,Madrid,29500
MERCEDES-BENZ Clase A,180,,2021,79000,Diésel,Madrid,29500
MERCEDES-BENZ Clase A,200,,2019,98926,Gasolina,Madrid,26990
MERCEDES-BENZ Clase A,200,,2022,63170,Diésel,Madrid,28990
MERCEDES-BENZ Clase A,200,,2021,72225,Diésel,Madrid,31750
MERCEDES-BENZ Clase A,200,,2019,29542,Diésel,Madrid,29350
MERCEDES-BENZ Clase A,200,,2019,107500,Diésel,Madrid,25290
MERCEDES-BENZ Clase A,200,,2015,120000,Diésel,Barcelona,17990
MERCEDES-BENZ Clase A,200,,2023,9234,Diésel,Barcelona,35995
MERCEDES-BENZ Clase A,250,,2021,69525,Híbrido Enchufable,Madrid,26490
MERCEDES-BENZ Clase A,180,,2020,114961,Diésel,Córdoba,25990
MERCEDES-BENZ Clase A,220,,2018,93098,Gasolina,Toledo,26990
MERCEDES-BENZ Clase A,180,,2017,187882,Gasolina,Barcelona,13990
MERCEDES-BENZ Clase A,250,,2021,69525,Híbrido Enchufable,Madrid,26490
MERCEDES-BENZ Clase A,180,,2008,301000,Diésel,Barcelona,4999
MERCEDES-BENZ Clase A,200,,2021,113000,Diésel,Barcelona,28400
MERCEDES-BENZ Clase A,180,Compacto,2024,4100,Gasolina,Navarra,35489
MERCEDES-BENZ Clase A,200,,2013,112117,Diésel,Sevilla,16300
MERCEDES-BENZ Clase A,200,,2023,10459,Diésel,Sevilla,33900
MERCEDES-BENZ Clase A,180,,2023,10979,Diésel,Sevilla,31900
MERCEDES-BENZ Clase A,180,,2018,135000,Gasolina,Madrid,17995
MERCEDES-BENZ Clase A,180,,2018,120336,Diésel,Jaén,21990
MERCEDES-BENZ Clase A,200,,2018,87995,Gasolina,Madrid,23490
MERCEDES-BENZ Clase A,200,,2021,95000,Diésel,Madrid,22490
MERCEDES-BENZ Clase A,180,,2021,23000,Diésel,Málaga,32950
MERCEDES-BENZ Clase A,200,,2018,45544,Gasolina,Barcelona,24990
MERCEDES-BENZ Clase A,180,,2019,54700,Diésel,Barcelona,27500
MERCEDES-BENZ Clase A,180,,2008,301000,Diésel,Barcelona,4999
MERCEDES-BENZ Clase A,200,,2014,119224,Diésel,Barcelona,17399
MERCEDES-BENZ Clase A,180,,2021,23000,Diésel,Málaga,32950
MERCEDES-BENZ Clase A,200,,2018,45544,Gasolina,Barcelona,24990
MERCEDES-BENZ Clase A,180,,2010,197000,Diésel,Sevilla,6990
MERCEDES-BENZ Clase A,180,,2019,40700,Diésel,Barcelona,25990
MERCEDES-BENZ Clase A,200,,2021,95000,Diésel,Madrid,22490
MERCEDES-BENZ Clase A,200,,2020,97965,Diésel,Málaga,27450
MERCEDES-BENZ Clase A,250,,2020,88905,Híbrido,Madrid,28490
MERCEDES-BENZ Clase A,180,,2013,88152,Gasolina,Madrid,17690
MERCEDES-BENZ Clase A,180,,2015,92016,Diésel,Barcelona,16899
MERCEDES-BENZ Clase A,200,,2019,83453,Diésel,Málaga,25890
MERCEDES-BENZ Clase A,180,,2016,109469,Diésel,Valencia,18890
MERCEDES-BENZ Clase A,180,,2020,77227,Diésel,Madrid,25900
MERCEDES-BENZ Clase A,200,,2023,17069,Diésel,Sevilla,33900
MERCEDES-BENZ Clase A,200,,2020,25858,Diésel,Madrid,30990
MERCEDES-BENZ Clase A,180,,2013,88152,Gasolina,Madrid,17690
MERCEDES-BENZ Clase A,180,,2015,92016,Diésel,Barcelona,16899
MERCEDES-BENZ Clase A,250,,2021,33000,Gasolina,Madrid,34990
MERCEDES-BENZ Clase A,250,,2020,33500,Híbrido,Madrid,30990
MERCEDES-BENZ Clase A,180,,2020,40889,Gasolina,Madrid,27300
MERCEDES-BENZ Clase A,190,,2003,123390,Gasolina,La Coruña,4990
MERCEDES-BENZ Clase A,250,Sedán,2020,44000,Híbrido Enchufable,Madrid,29990
MERCEDES-BENZ Clase A,200,,2019,83453,Diésel,Málaga,25890
MERCEDES-BENZ Clase A,250,,2020,88905,Híbrido,Madrid,28490
MERCEDES-BENZ Clase A,200,,2020,97965,Diésel,Málaga,27450
MERCEDES-BENZ Clase A,250,,2020,66000,Híbrido Enchufable,Madrid,28990
MERCEDES-BENZ Clase A,180,,2015,92016,Diésel,Madrid,16899
MERCEDES-BENZ Clase A,180,,2023,26000,Gasolina,Madrid,30990
MERCEDES-BENZ Clase A,200,,2019,70795,Diésel,Madrid,26990
MERCEDES-BENZ Clase A,180,,2022,73984,Diésel,Madrid,26990
MERCEDES-BENZ Clase A,200,,2019,135000,Gasolina,Madrid,26490
MERCEDES-BENZ Clase A,200,,2023,17596,Diésel,Málaga,34890
MERCEDES-BENZ Clase A,180,,2023,21072,Gasolina,Málaga,32890
MERCEDES-BENZ Clase A,180,,2020,76597,Diésel,Málaga,24890
MERCEDES-BENZ Clase A,180,Sedán,2023,19913,Gasolina,Málaga,31990
MERCEDES-BENZ Clase A,250,,2020,91155,Híbrido,Madrid,25900
MERCEDES-BENZ Clase A,180,,2023,29620,Gasolina,Málaga,31890
MERCEDES-BENZ Clase A,250,,2024,10423,Híbrido Enchufable,Barcelona,40000
MERCEDES-BENZ Clase A,180,,2023,25270,Gasolina,Barcelona,32800
MERCEDES-BENZ Clase A,180,,2022,78538,Diésel,Madrid,25490
MERCEDES-BENZ Clase A,170,,2012,230000,Diésel,Navarra,15050
MERCEDES-BENZ Clase A,180,,2017,71151,Gasolina,La Coruña,20490
MERCEDES-BENZ Clase A,200,,2023,8000,Diésel,Barcelona,36895
MERCEDES-BENZ Clase A,200,,2019,172291,Diésel,Córdoba,26400
MERCEDES-BENZ Clase A,250,,2023,9000,Híbrido,Madrid,39990
MERCEDES-BENZ Clase A,200,,2020,53426,Gasolina,Ciudad Real,28490
MERCEDES-BENZ Clase A,200,,2020,79957,Diésel,Málaga,27890
MERCEDES-BENZ Clase A,180,Sedán,2020,79513,Diésel,Cádiz,28500
MERCEDES-BENZ Clase A,250,Sedán,2022,65805,Híbrido,Valladolid,30900
MERCEDES-BENZ Clase A,200,,2023,57286,Diésel,Málaga,30890
MERCEDES-BENZ Clase A,200,,2016,78102,Diésel,Valencia,18990
MERCEDES-BENZ Clase A,200,,2019,63200,Gasolina,Madrid,28490
MERCEDES-BENZ Clase A,200,,2018,65000,Gasolina,Madrid,27490
MERCEDES-BENZ Clase A,200,,2016,114701,Diésel,Barcelona,20950
MERCEDES-BENZ Clase A,200,,2016,103297,Diésel,Almería,19750
MERCEDES-BENZ Clase A,200,,2015,53545,Diésel,Zaragoza,20990
MERCEDES-BENZ Clase A,200,,2015,137837,Diésel,Alicante,17200
MERCEDES-BENZ Clase A,180,,2007,165989,Diésel,Ciudad Real,6750
MERCEDES-BENZ Clase A,180,,2005,187757,Diésel,Alicante,5999
MERCEDES-BENZ Clase A,200,,2018,144719,Gasolina,Madrid,22300
MERCEDES-BENZ Clase A,200,,2018,125136,Diésel,Madrid,21900
MERCEDES-BENZ Clase A,200,,2018,74671,Diésel,Barcelona,20900
MERCEDES-BENZ Clase A,200,,2016,70686,Diésel,Madrid,20990
MERCEDES-BENZ Clase A,180,,2023,10969,Diésel,Sevilla,31900
MERCEDES-BENZ Clase A,180,,2015,130511,Diésel,Madrid,14890
MERCEDES-BENZ Clase A,180,,2014,121936,Diésel,Girona,15200
MERCEDES-BENZ Clase A,180,,2018,86331,Diésel,Barcelona,27990
MERCEDES-BENZ Clase A,200,,2016,132000,Diésel,Badajoz,19500
MERCEDES-BENZ Clase A,200,,2018,109999,Diésel,Granada,22490
MERCEDES-BENZ Clase A,200,,2022,67245,Gasolina,Madrid,31699
MERCEDES-BENZ Clase A,220,,2013,196000,Diésel,Badajoz,16900
MERCEDES-BENZ Clase A,250,,2022,49884,Híbrido,Madrid,31990
MERCEDES-BENZ Clase A,200,,2019,70054,Diésel,Madrid,26990
MERCEDES-BENZ Clase A,180,,2018,92019,Diésel,Madrid,23990
MERCEDES-BENZ Clase A,200,,2019,145000,Diésel,Alicante,22900
MERCEDES-BENZ Clase A,180,,2018,86331,Diésel,Barcelona,27990
MERCEDES-BENZ Clase A,220,,2019,96000,Gasolina,Toledo,26490
MERCEDES-BENZ Clase A,250,,2021,68654,Híbrido,Madrid,28795
MERCEDES-BENZ Clase A,180,,2020,38822,Diésel,Alicante,25990
MERCEDES-BENZ Clase A,180,,2013,199341,Diésel,Madrid,12990
MERCEDES-BENZ Clase A,200,,2023,23824,Diésel,Madrid,32990
MERCEDES-BENZ Clase A,200,,2016,61000,Diésel,Madrid,22490
MERCEDES-BENZ Clase A,200,,2023,23529,Diésel,Sevilla,32900
MERCEDES-BENZ Clase A,180,,2021,105454,Gasolina,Granada,23290
MERCEDES-BENZ Clase A,180,,2015,130511,Diésel,Madrid,14890
MERCEDES-BENZ Clase A,180,,2014,121936,Diésel,Girona,15200
MERCEDES-BENZ Clase A,180,,2015,149023,Diésel,Granada,14200
MERCEDES-BENZ Clase A,180,,2019,42561,Diésel,Madrid,25450
MERCEDES-BENZ Clase A,180,,2022,61755,Diésel,Madrid,31800
MERCEDES-BENZ Clase A,200,,2018,109999,Diésel,Granada,22490
MERCEDES-BENZ Clase A,220,,2020,41600,Diésel,Alicante,34900
MERCEDES-BENZ Clase A,200,,2023,28429,Diésel,Sevilla,32900
MERCEDES-BENZ Clase A,200,,2014,119224,Diésel,Madrid,17399
MERCEDES-BENZ Clase A,136,,2018,133815,Diésel,Madrid,17850
MERCEDES-BENZ Clase A,180,,2020,111634,Diésel,Madrid,23999
MERCEDES-BENZ Clase A,180,,2019,80986,Diésel,Madrid,24900
MERCEDES-BENZ Clase A,180,,2023,14099,Diésel,Sevilla,31900
MERCEDES-BENZ Clase A,250,,2022,49884,Híbrido,Madrid,31990
MERCEDES-BENZ Clase A,200,,2019,70054,Diésel,Madrid,26990
MERCEDES-BENZ Clase A,180,,2018,92019,Diésel,Madrid,23990
MERCEDES-BENZ Clase A,180,,2013,199341,Diésel,Madrid,12990
MERCEDES-BENZ Clase A,200,,2020,150172,Diésel,Cádiz,25900
MERCEDES-BENZ Clase A,200,,2020,85632,Diésel,Málaga,27590
MERCEDES-BENZ Clase A,180,,2021,77869,Gasolina,Girona,29800
MERCEDES-BENZ Clase A,180,,2020,93000,Diésel,Madrid,26490
MERCEDES-BENZ Clase A,180,,2019,70300,Diésel,Madrid,26990
MERCEDES-BENZ Clase A,200,,2018,92858,Diésel,Madrid,21700
MERCEDES-BENZ Clase A,180,,2019,80986,Diésel,Madrid,24900
MERCEDES-BENZ Clase A,180,,2020,81000,Gasolina,Sevilla,19950
MERCEDES-BENZ Clase A,200,,2023,17200,Gasolina,Málaga,33890
MERCEDES-BENZ Clase A,180,,2023,22561,Gasolina,Málaga,32890
MERCEDES-BENZ Clase A,250,Sedán,2023,17696,Híbrido,Madrid,33990
MERCEDES-BENZ Clase A,200,,2023,19460,Diésel,Barcelona,34950
MERCEDES-BENZ Clase A,200,,2018,76045,Gasolina,Barcelona,26300
MERCEDES-BENZ Clase A,136,,2017,119428,Diésel,Pontevedra,21990
MERCEDES-BENZ Clase A,250,,2020,48327,Híbrido Enchufable,Madrid,33750
MERCEDES-BENZ Clase A,150,,2021,55000,Diésel,Zaragoza,23700
MERCEDES-BENZ Clase A,250,,2018,45000,Gasolina,Málaga,32950
MERCEDES-BENZ Clase A,115,,2021,85000,Diésel,Madrid,23000
MERCEDES-BENZ Clase A,200,,2023,8882,Diésel,Barcelona,36895
MERCEDES-BENZ Clase A,200,,2022,17102,Diésel,Málaga,31990
MERCEDES-BENZ Clase A,200,,2023,17361,Gasolina,Barcelona,35495
MERCEDES-BENZ Clase A,200,,2023,15613,Diésel,Soria,31500
MERCEDES-BENZ Clase A,180,,2014,124006,Diésel,Murcia,14990
MERCEDES-BENZ Clase A,200,,2017,211204,Diésel,Madrid,13999
MERCEDES-BENZ Clase A,250,,2024,0,Híbrido,Madrid,49500
MERCEDES-BENZ Clase A,180,,2024,11,Gasolina,La Rioja,36900
MERCEDES-BENZ Clase A,250,,2024,2500,Híbrido,La Rioja,41900
MERCEDES-BENZ Clase A,150,,2021,55000,Diésel,Zaragoza,23700
MERCEDES-BENZ Clase A,250,,2018,45000,Gasolina,Málaga,32950
MERCEDES-BENZ Clase A,115,,2021,85000,Diésel,Madrid,23000
MERCEDES-BENZ Clase A,200,,2023,17361,Gasolina,Barcelona,35495
MERCEDES-BENZ Clase A,200,,2023,8882,Diésel,Barcelona,36895
MERCEDES-BENZ Clase A,200,,2022,17102,Diésel,Málaga,31990
MERCEDES-BENZ Clase A,200,,2023,15613,Diésel,Soria,31500
MERCEDES-BENZ Clase A,200,,2021,78950,Diésel,Madrid,28990
MERCEDES-BENZ Clase A,180,,2014,124006,Diésel,Murcia,14990
MERCEDES-BENZ Clase A,180,,2021,135275,Diésel,Albacete,24250
MERCEDES-BENZ Clase A,200,,2018,136000,Diésel,Asturias,22500
MERCEDES-BENZ Clase A,180,,2020,87052,Diésel,Madrid,24499
MERCEDES-BENZ Clase A,200,,2023,29439,Diésel,Sevilla,32900
MERCEDES-BENZ Clase A,200,,2023,15180,Gasolina,Barcelona,35795
MERCEDES-BENZ Clase A,200,,2023,11879,Diésel,Sevilla,33900
MERCEDES-BENZ Clase A,200,,2023,10929,Diésel,Sevilla,34500
MERCEDES-BENZ Clase A,200,,2018,108051,Diésel,Castellón,22490
MERCEDES-BENZ Clase A,200,,2023,16857,Diésel,Barcelona,34900
MERCEDES-BENZ Clase A,180,,2014,162000,Diésel,Cáceres,13900
MERCEDES-BENZ Clase A,180,,2021,70342,Diésel,Alicante,27990
MERCEDES-BENZ Clase A,200,,2019,41597,Diésel,Madrid,26290
MERCEDES-BENZ Clase A,180,,2023,12342,Diésel,Cádiz,31900
MERCEDES-BENZ Clase A,180,,2023,12342,Diésel,Cádiz,31900
MERCEDES-BENZ Clase A,200,,2023,29439,Diésel,Sevilla,32900
MERCEDES-BENZ Clase A,200,,2023,29500,Diésel,Asturias,36900
MERCEDES-BENZ Clase A,200,Sedán,2020,127529,Diésel,Madrid,27490
MERCEDES-BENZ Clase A,200,,2023,26125,Diésel,Madrid,31990
MERCEDES-BENZ Clase A,250,,2020,114207,Híbrido,Madrid,26990
MERCEDES-BENZ Clase A,200,,2020,77293,Diésel,Madrid,27490
MERCEDES-BENZ Clase A,200,,2019,54534,Diésel,Málaga,26695
MERCEDES-BENZ Clase A,180,,2020,88679,Diésel,Barcelona,24850
MERCEDES-BENZ Clase A,200,,2020,76687,Gasolina,Barcelona,26900
MERCEDES-BENZ Clase A,180,,2020,87052,Diésel,Barcelona,24499
MERCEDES-BENZ Clase A,200,,2015,178200,Diésel,Madrid,16890
MERCEDES-BENZ Clase A,200,,2019,87200,Diésel,Madrid,24900
MERCEDES-BENZ Clase A,180,,2020,62449,Diésel,Málaga,28900
MERCEDES-BENZ Clase A,180,,2022,89750,Diésel,Madrid,31490
MERCEDES-BENZ Clase A,200,,2017,60700,Diésel,Burgos,24900
MERCEDES-BENZ Clase A,180,,2020,88679,Diésel,Barcelona,24850
MERCEDES-BENZ Clase A,200,,2020,76687,Gasolina,Barcelona,26900
MERCEDES-BENZ Clase A,180,,2020,87052,Diésel,Barcelona,24499
MERCEDES-BENZ Clase A,180,,2021,73000,Diésel,Madrid,25990
MERCEDES-BENZ Clase A,200,,2019,54578,Diésel,Madrid,29100
MERCEDES-BENZ Clase A,180,,2018,53500,Diésel,Madrid,25990
MERCEDES-BENZ Clase A,220,,2017,114000,Diésel,Madrid,19990
MERCEDES-BENZ Clase A,180,,2023,15000,Gasolina,Málaga,31890
MERCEDES-BENZ Clase A,180,,2023,9955,Gasolina,Málaga,30890
MERCEDES-BENZ Clase A,250,,2021,47891,Gasolina,Barcelona,37200
MERCEDES-BENZ Clase A,200,,2023,19604,Diésel,Barcelona,34900
MERCEDES-BENZ Clase A,200,,2023,18245,Diésel,Barcelona,34950
MERCEDES-BENZ Clase A,200,,2022,60597,Diésel,Madrid,28490
MERCEDES-BENZ Clase A,200,,2019,54534,Diésel,Málaga,26695
MERCEDES-BENZ Clase A,200,Sedán,2020,76500,Diésel,Madrid,29990
MERCEDES-BENZ Clase A,200,,2023,9615,Diésel,Barcelona,36900
MERCEDES-BENZ Clase A,180,,2019,99000,Diésel,Barcelona,22900
MERCEDES-BENZ Clase A,250,,2020,119000,Híbrido Enchufable,Barcelona,27900
MERCEDES-BENZ Clase A,220,,2019,76000,Gasolina,Barcelona,32500
MERCEDES-BENZ Clase A,200,,2015,80500,Diésel,Madrid,18690
MERCEDES-BENZ Clase A,250,,2022,33025,Híbrido Enchufable,Madrid,32990
MERCEDES-BENZ Clase A,200,,2020,62616,Diésel,Madrid,26990
